id,ativo,usado,data_ativacao,data_entrada;;id;ativo;usado;data ativação;data entrada;;;;;;bilhetes não usados;
"EVT-013RFE9X,TRUE,TRUE,""14/05/2026, 17:51:35"",""15/05/2026, 14:22:58""";;EVT-013RFE9X;TRUE,;TRUE,;14/05/2026, 17:51:35;15/05/2026, 14:22:58;13;18;23;46;;;0
"EVT-020019Q2,TRUE,FALSE,""16/05/2026, 12:10:14"",";;EVT-020019Q2;TRUE,;FALSE,;16/05/2026, 12:10:14;;13;18;24;47;;EVT-020019Q2;0
"EVT-03VTY6BT,TRUE,FALSE,""16/05/2026, 12:11:07"",";;EVT-03VTY6BT;TRUE,;FALSE,;16/05/2026, 12:11:07;;13;18;24;47;;EVT-03VTY6BT;0
"EVT-062RJY08,TRUE,TRUE,""14/05/2026, 11:52:25"",""16/05/2026, 13:02:38""";;EVT-062RJY08;TRUE,;TRUE,;14/05/2026, 11:52:25;16/05/2026, 13:02:38;13;18;23;46;;;0
"EVT-06K9LHNH,TRUE,TRUE,""15/05/2026, 11:52:32"",""15/05/2026, 19:26:15""";;EVT-06K9LHNH;TRUE,;TRUE,;15/05/2026, 11:52:32;15/05/2026, 19:26:15;13;18;23;46;;;0
EVT-0E3TUJJA,FALSE,FALSE,,;;EVT-0E3TUJJA;FALSE,;FALSE,;;#VALOR!;13;19;25;#VALOR!;;#VALOR!;1
"EVT-0JDO353N,TRUE,TRUE,""15/05/2026, 12:16:18"",""15/05/2026, 14:14:21""";;EVT-0JDO353N;TRUE,;TRUE,;15/05/2026, 12:16:18;15/05/2026, 14:14:21;13;18;23;46;;;0
EVT-0JGB09XC,FALSE,FALSE,,;;EVT-0JGB09XC;FALSE,;FALSE,;;#VALOR!;13;19;25;#VALOR!;;#VALOR!;1
EVT-0M74R26F,FALSE,FALSE,,;;EVT-0M74R26F;FALSE,;FALSE,;;#VALOR!;13;19;25;#VALOR!;;#VALOR!;1
EVT-0MCOLE45,FALSE,FALSE,,;;EVT-0MCOLE45;FALSE,;FALSE,;;#VALOR!;13;19;25;#VALOR!;;#VALOR!;1
EVT-0O2FGSMF,FALSE,FALSE,,;;EVT-0O2FGSMF;FALSE,;FALSE,;;#VALOR!;13;19;25;#VALOR!;;#VALOR!;1
"EVT-0RCKJ3TC,TRUE,TRUE,""17/05/2026, 13:43:02"",""17/05/2026, 13:43:42""";;EVT-0RCKJ3TC;TRUE,;TRUE,;17/05/2026, 13:43:02;17/05/2026, 13:43:42;13;18;23;46;;;0
"EVT-0U7VZ7KA,TRUE,TRUE,""14/05/2026, 17:25:32"",""15/05/2026, 12:32:36""";;EVT-0U7VZ7KA;TRUE,;TRUE,;14/05/2026, 17:25:32;15/05/2026, 12:32:36;13;18;23;46;;;0
"EVT-0UTPP42X,TRUE,TRUE,""14/05/2026, 17:50:24"",""16/05/2026, 14:00:53""";;EVT-0UTPP42X;TRUE,;TRUE,;14/05/2026, 17:50:24;16/05/2026, 14:00:53;13;18;23;46;;;0
"EVT-0YGJJ8JW,TRUE,FALSE,""14/05/2026, 17:42:18"",";;EVT-0YGJJ8JW;TRUE,;FALSE,;14/05/2026, 17:42:18;;13;18;24;47;;EVT-0YGJJ8JW;0
EVT-13QSPAI8,FALSE,FALSE,,;;EVT-13QSPAI8;FALSE,;FALSE,;;#VALOR!;13;19;25;#VALOR!;;#VALOR!;1
"EVT-15HZWZ70,TRUE,TRUE,""15/05/2026, 11:52:19"",""16/05/2026, 13:37:21""";;EVT-15HZWZ70;TRUE,;TRUE,;15/05/2026, 11:52:19;16/05/2026, 13:37:21;13;18;23;46;;;0
EVT-161UKE3B,FALSE,FALSE,,;;EVT-161UKE3B;FALSE,;FALSE,;;#VALOR!;13;19;25;#VALOR!;;#VALOR!;1
"EVT-1CC7AMS7,TRUE,TRUE,""14/05/2026, 17:47:53"",""16/05/2026, 20:04:46""";;EVT-1CC7AMS7;TRUE,;TRUE,;14/05/2026, 17:47:53;16/05/2026, 20:04:46;13;18;23;46;;;0
"EVT-1DJKJE4A,TRUE,TRUE,""17/05/2026, 12:57:57"",""17/05/2026, 12:58:58""";;EVT-1DJKJE4A;TRUE,;TRUE,;17/05/2026, 12:57:57;17/05/2026, 12:58:58;13;18;23;46;;;0
"EVT-1G42RH5J,TRUE,FALSE,""16/05/2026, 12:11:01"",";;EVT-1G42RH5J;TRUE,;FALSE,;16/05/2026, 12:11:01;;13;18;24;47;;EVT-1G42RH5J;0
"EVT-1I1M2A8D,TRUE,TRUE,""17/05/2026, 13:22:27"",""17/05/2026, 13:23:16""";;EVT-1I1M2A8D;TRUE,;TRUE,;17/05/2026, 13:22:27;17/05/2026, 13:23:16;13;18;23;46;;;0
EVT-1I3KZS7F,FALSE,FALSE,,;;EVT-1I3KZS7F;FALSE,;FALSE,;;#VALOR!;13;19;25;#VALOR!;;#VALOR!;1
"EVT-1I5WK59K,TRUE,TRUE,""14/05/2026, 11:52:56"",""16/05/2026, 14:21:35""";;EVT-1I5WK59K;TRUE,;TRUE,;14/05/2026, 11:52:56;16/05/2026, 14:21:35;13;18;23;46;;;0
"EVT-1JCTASSR,TRUE,FALSE,""16/05/2026, 12:12:37"",";;EVT-1JCTASSR;TRUE,;FALSE,;16/05/2026, 12:12:37;;13;18;24;47;;EVT-1JCTASSR;0
"EVT-1OJHTW73,TRUE,FALSE,""14/05/2026, 17:28:39"",";;EVT-1OJHTW73;TRUE,;FALSE,;14/05/2026, 17:28:39;;13;18;24;47;;EVT-1OJHTW73;0
"EVT-1OYXFSP4,TRUE,TRUE,""15/05/2026, 19:27:32"",""15/05/2026, 19:27:49""";;EVT-1OYXFSP4;TRUE,;TRUE,;15/05/2026, 19:27:32;15/05/2026, 19:27:49;13;18;23;46;;;0
"EVT-1QS3T2LM,TRUE,TRUE,""14/05/2026, 17:51:50"",""15/05/2026, 14:24:01""";;EVT-1QS3T2LM;TRUE,;TRUE,;14/05/2026, 17:51:50;15/05/2026, 14:24:01;13;18;23;46;;;0
EVT-1ZSFP406,FALSE,FALSE,,;;EVT-1ZSFP406;FALSE,;FALSE,;;#VALOR!;13;19;25;#VALOR!;;#VALOR!;1
EVT-28MX3PQ9,FALSE,FALSE,,;;EVT-28MX3PQ9;FALSE,;FALSE,;;#VALOR!;13;19;25;#VALOR!;;#VALOR!;1
"EVT-2BWL76KN,TRUE,TRUE,""15/05/2026, 11:52:29"",""15/05/2026, 19:26:09""";;EVT-2BWL76KN;TRUE,;TRUE,;15/05/2026, 11:52:29;15/05/2026, 19:26:09;13;18;23;46;;;0
EVT-2DFLKSSA,FALSE,FALSE,,;;EVT-2DFLKSSA;FALSE,;FALSE,;;#VALOR!;13;19;25;#VALOR!;;#VALOR!;1
EVT-2JVIZ2DN,FALSE,FALSE,,;;EVT-2JVIZ2DN;FALSE,;FALSE,;;#VALOR!;13;19;25;#VALOR!;;#VALOR!;1
EVT-2KFWXV7Q,FALSE,FALSE,,;;EVT-2KFWXV7Q;FALSE,;FALSE,;;#VALOR!;13;19;25;#VALOR!;;#VALOR!;1
EVT-2LBC6FJZ,FALSE,FALSE,,;;EVT-2LBC6FJZ;FALSE,;FALSE,;;#VALOR!;13;19;25;#VALOR!;;#VALOR!;1
EVT-2MWQ3I8C,FALSE,FALSE,,;;EVT-2MWQ3I8C;FALSE,;FALSE,;;#VALOR!;13;19;25;#VALOR!;;#VALOR!;1
"EVT-2S3ZKSW2,TRUE,TRUE,""14/05/2026, 17:32:04"",""16/05/2026, 13:36:24""";;EVT-2S3ZKSW2;TRUE,;TRUE,;14/05/2026, 17:32:04;16/05/2026, 13:36:24;13;18;23;46;;;0
"EVT-2S48QSIN,TRUE,TRUE,""14/05/2026, 17:50:21"",""16/05/2026, 13:32:11""";;EVT-2S48QSIN;TRUE,;TRUE,;14/05/2026, 17:50:21;16/05/2026, 13:32:11;13;18;23;46;;;0
"EVT-2T5T67OI,TRUE,FALSE,""14/05/2026, 17:42:13"",";;EVT-2T5T67OI;TRUE,;FALSE,;14/05/2026, 17:42:13;;13;18;24;47;;EVT-2T5T67OI;0
"EVT-2UG28RGA,TRUE,FALSE,""14/05/2026, 17:47:50"",";;EVT-2UG28RGA;TRUE,;FALSE,;14/05/2026, 17:47:50;;13;18;24;47;;EVT-2UG28RGA;0
"EVT-2V6V0QG2,TRUE,TRUE,""17/05/2026, 12:58:05"",""17/05/2026, 12:58:53""";;EVT-2V6V0QG2;TRUE,;TRUE,;17/05/2026, 12:58:05;17/05/2026, 12:58:53;13;18;23;46;;;0
EVT-34I12GTG,FALSE,FALSE,,;;EVT-34I12GTG;FALSE,;FALSE,;;#VALOR!;13;19;25;#VALOR!;;#VALOR!;1
EVT-35UWL0DJ,FALSE,FALSE,,;;EVT-35UWL0DJ;FALSE,;FALSE,;;#VALOR!;13;19;25;#VALOR!;;#VALOR!;1
"EVT-389R4WWH,TRUE,TRUE,""14/05/2026, 17:31:39"",""16/05/2026, 14:15:01""";;EVT-389R4WWH;TRUE,;TRUE,;14/05/2026, 17:31:39;16/05/2026, 14:15:01;13;18;23;46;;;0
EVT-3AC0PZTR,FALSE,FALSE,,;;EVT-3AC0PZTR;FALSE,;FALSE,;;#VALOR!;13;19;25;#VALOR!;;#VALOR!;1
EVT-3BT01AE2,FALSE,FALSE,,;;EVT-3BT01AE2;FALSE,;FALSE,;;#VALOR!;13;19;25;#VALOR!;;#VALOR!;1
"EVT-3E2LAJG1,TRUE,TRUE,""14/05/2026, 11:52:50"",""16/05/2026, 13:12:28""";;EVT-3E2LAJG1;TRUE,;TRUE,;14/05/2026, 11:52:50;16/05/2026, 13:12:28;13;18;23;46;;;0
"EVT-3ETE1HLX,TRUE,FALSE,""16/05/2026, 12:12:32"",";;EVT-3ETE1HLX;TRUE,;FALSE,;16/05/2026, 12:12:32;;13;18;24;47;;EVT-3ETE1HLX;0
"EVT-3GA2A539,TRUE,FALSE,""14/05/2026, 17:28:33"",";;EVT-3GA2A539;TRUE,;FALSE,;14/05/2026, 17:28:33;;13;18;24;47;;EVT-3GA2A539;0
"EVT-3HTDSMH5,TRUE,TRUE,""15/05/2026, 11:52:35"",""15/05/2026, 19:26:04""";;EVT-3HTDSMH5;TRUE,;TRUE,;15/05/2026, 11:52:35;15/05/2026, 19:26:04;13;18;23;46;;;0
"EVT-3JQFHKMA,TRUE,FALSE,""14/05/2026, 17:51:46"",";;EVT-3JQFHKMA;TRUE,;FALSE,;14/05/2026, 17:51:46;;13;18;24;47;;EVT-3JQFHKMA;0
EVT-3JQM5R3X,FALSE,FALSE,,;;EVT-3JQM5R3X;FALSE,;FALSE,;;#VALOR!;13;19;25;#VALOR!;;#VALOR!;1
"EVT-3O76A1TA,TRUE,TRUE,""15/05/2026, 11:52:25"",""16/05/2026, 13:37:26""";;EVT-3O76A1TA;TRUE,;TRUE,;15/05/2026, 11:52:25;16/05/2026, 13:37:26;13;18;23;46;;;0
EVT-3YCYOHFA,FALSE,FALSE,,;;EVT-3YCYOHFA;FALSE,;FALSE,;;#VALOR!;13;19;25;#VALOR!;;#VALOR!;1
EVT-40EJ46P5,FALSE,FALSE,,;;EVT-40EJ46P5;FALSE,;FALSE,;;#VALOR!;13;19;25;#VALOR!;;#VALOR!;1
EVT-43NFL4G4,FALSE,FALSE,,;;EVT-43NFL4G4;FALSE,;FALSE,;;#VALOR!;13;19;25;#VALOR!;;#VALOR!;1
"EVT-46MDOUJB,TRUE,TRUE,""14/05/2026, 17:31:46"",""17/05/2026, 12:46:17""";;EVT-46MDOUJB;TRUE,;TRUE,;14/05/2026, 17:31:46;17/05/2026, 12:46:17;13;18;23;46;;;0
"EVT-48CN6CSP,TRUE,TRUE,""14/05/2026, 17:50:05"",""15/05/2026, 14:58:57""";;EVT-48CN6CSP;TRUE,;TRUE,;14/05/2026, 17:50:05;15/05/2026, 14:58:57;13;18;23;46;;;0
"EVT-48Q4TEA7,TRUE,TRUE,""14/05/2026, 17:39:54"",""15/05/2026, 15:00:36""";;EVT-48Q4TEA7;TRUE,;TRUE,;14/05/2026, 17:39:54;15/05/2026, 15:00:36;13;18;23;46;;;0
EVT-4FMX3RBI,FALSE,FALSE,,;;EVT-4FMX3RBI;FALSE,;FALSE,;;#VALOR!;13;19;25;#VALOR!;;#VALOR!;1
EVT-4QORSRT2,FALSE,FALSE,,;;EVT-4QORSRT2;FALSE,;FALSE,;;#VALOR!;13;19;25;#VALOR!;;#VALOR!;1
EVT-4SXDI6O8,FALSE,FALSE,,;;EVT-4SXDI6O8;FALSE,;FALSE,;;#VALOR!;13;19;25;#VALOR!;;#VALOR!;1
EVT-4X7PIWWY,FALSE,FALSE,,;;EVT-4X7PIWWY;FALSE,;FALSE,;;#VALOR!;13;19;25;#VALOR!;;#VALOR!;1
"EVT-4XV08XAP,TRUE,TRUE,""14/05/2026, 17:32:00"",""16/05/2026, 13:36:50""";;EVT-4XV08XAP;TRUE,;TRUE,;14/05/2026, 17:32:00;16/05/2026, 13:36:50;13;18;23;46;;;0
"EVT-4ZGPRN1L,TRUE,TRUE,""14/05/2026, 17:50:17"",""16/05/2026, 13:41:45""";;EVT-4ZGPRN1L;TRUE,;TRUE,;14/05/2026, 17:50:17;16/05/2026, 13:41:45;13;18;23;46;;;0
"EVT-50X4OGAM,TRUE,TRUE,""14/05/2026, 17:47:34"",""17/05/2026, 12:49:24""";;EVT-50X4OGAM;TRUE,;TRUE,;14/05/2026, 17:47:34;17/05/2026, 12:49:24;13;18;23;46;;;0
"EVT-51AMT1SP,TRUE,TRUE,""17/05/2026, 12:57:54"",""17/05/2026, 12:59:03""";;EVT-51AMT1SP;TRUE,;TRUE,;17/05/2026, 12:57:54;17/05/2026, 12:59:03;13;18;23;46;;;0
"EVT-55WKJUSJ,TRUE,FALSE,""16/05/2026, 12:11:30"",";;EVT-55WKJUSJ;TRUE,;FALSE,;16/05/2026, 12:11:30;;13;18;24;47;;EVT-55WKJUSJ;0
"EVT-58JSM4TY,TRUE,TRUE,""16/05/2026, 14:05:29"",""16/05/2026, 14:09:52""";;EVT-58JSM4TY;TRUE,;TRUE,;16/05/2026, 14:05:29;16/05/2026, 14:09:52;13;18;23;46;;;0
"EVT-5E8P1ZGD,TRUE,FALSE,""14/05/2026, 17:42:10"",";;EVT-5E8P1ZGD;TRUE,;FALSE,;14/05/2026, 17:42:10;;13;18;24;47;;EVT-5E8P1ZGD;0
"EVT-5FH6C8PN,TRUE,FALSE,""14/05/2026, 17:47:47"",";;EVT-5FH6C8PN;TRUE,;FALSE,;14/05/2026, 17:47:47;;13;18;24;47;;EVT-5FH6C8PN;0
"EVT-5OV2XWQJ,TRUE,TRUE,""17/05/2026, 12:58:08"",""17/05/2026, 12:58:48""";;EVT-5OV2XWQJ;TRUE,;TRUE,;17/05/2026, 12:58:08;17/05/2026, 12:58:48;13;18;23;46;;;0
"EVT-5QQ52KWY,TRUE,FALSE,""16/05/2026, 12:11:13"",";;EVT-5QQ52KWY;TRUE,;FALSE,;16/05/2026, 12:11:13;;13;18;24;47;;EVT-5QQ52KWY;0
"EVT-5RVM8IOM,TRUE,TRUE,""16/05/2026, 14:07:04"",""16/05/2026, 14:09:11""";;EVT-5RVM8IOM;TRUE,;TRUE,;16/05/2026, 14:07:04;16/05/2026, 14:09:11;13;18;23;46;;;0
EVT-5TL1H09E,FALSE,FALSE,,;;EVT-5TL1H09E;FALSE,;FALSE,;;#VALOR!;13;19;25;#VALOR!;;#VALOR!;1
"EVT-5UAVD7MV,TRUE,TRUE,""14/05/2026, 11:52:45"",""16/05/2026, 13:28:13""";;EVT-5UAVD7MV;TRUE,;TRUE,;14/05/2026, 11:52:45;16/05/2026, 13:28:13;13;18;23;46;;;0
"EVT-5VYI97NV,TRUE,FALSE,""16/05/2026, 12:12:26"",";;EVT-5VYI97NV;TRUE,;FALSE,;16/05/2026, 12:12:26;;13;18;24;47;;EVT-5VYI97NV;0
"EVT-5XYALYRJ,TRUE,FALSE,""14/05/2026, 17:28:27"",";;EVT-5XYALYRJ;TRUE,;FALSE,;14/05/2026, 17:28:27;;13;18;24;47;;EVT-5XYALYRJ;0
EVT-60FP7ZMD,FALSE,FALSE,,;;EVT-60FP7ZMD;FALSE,;FALSE,;;#VALOR!;13;19;25;#VALOR!;;#VALOR!;1
"EVT-668ATMV2,TRUE,TRUE,""14/05/2026, 17:50:01"",""15/05/2026, 14:58:46""";;EVT-668ATMV2;TRUE,;TRUE,;14/05/2026, 17:50:01;15/05/2026, 14:58:46;13;18;23;46;;;0
"EVT-6DL2HBMV,TRUE,TRUE,""14/05/2026, 17:51:42"",""15/05/2026, 14:58:51""";;EVT-6DL2HBMV;TRUE,;TRUE,;14/05/2026, 17:51:42;15/05/2026, 14:58:51;13;18;23;46;;;0
EVT-6JUC5F6I,FALSE,FALSE,,;;EVT-6JUC5F6I;FALSE,;FALSE,;;#VALOR!;13;19;25;#VALOR!;;#VALOR!;1
"EVT-6M4L1BLB,TRUE,TRUE,""16/05/2026, 13:38:03"",""16/05/2026, 13:38:20""";;EVT-6M4L1BLB;TRUE,;TRUE,;16/05/2026, 13:38:03;16/05/2026, 13:38:20;13;18;23;46;;;0
EVT-6N2SW1OK,FALSE,FALSE,,;;EVT-6N2SW1OK;FALSE,;FALSE,;;#VALOR!;13;19;25;#VALOR!;;#VALOR!;1
EVT-6U89SSSE,FALSE,FALSE,,;;EVT-6U89SSSE;FALSE,;FALSE,;;#VALOR!;13;19;25;#VALOR!;;#VALOR!;1
EVT-6VJ8W45M,FALSE,FALSE,,;;EVT-6VJ8W45M;FALSE,;FALSE,;;#VALOR!;13;19;25;#VALOR!;;#VALOR!;1
EVT-6YOEHI1D,FALSE,FALSE,,;;EVT-6YOEHI1D;FALSE,;FALSE,;;#VALOR!;13;19;25;#VALOR!;;#VALOR!;1
"EVT-7250IC17,TRUE,TRUE,""17/05/2026, 12:55:16"",""17/05/2026, 12:55:33""";;EVT-7250IC17;TRUE,;TRUE,;17/05/2026, 12:55:16;17/05/2026, 12:55:33;13;18;23;46;;;0
"EVT-76WORFGG,TRUE,TRUE,""15/05/2026, 15:17:53"",""15/05/2026, 15:23:56""";;EVT-76WORFGG;TRUE,;TRUE,;15/05/2026, 15:17:53;15/05/2026, 15:23:56;13;18;23;46;;;0
"EVT-79NT3GNW,TRUE,TRUE,""14/05/2026, 17:27:17"",""16/05/2026, 14:20:14""";;EVT-79NT3GNW;TRUE,;TRUE,;14/05/2026, 17:27:17;16/05/2026, 14:20:14;13;18;23;46;;;0
EVT-7CRRHXYU,FALSE,FALSE,,;;EVT-7CRRHXYU;FALSE,;FALSE,;;#VALOR!;13;19;25;#VALOR!;;#VALOR!;1
"EVT-7G3C9SJ0,TRUE,TRUE,""14/05/2026, 17:31:55"",""16/05/2026, 13:36:06""";;EVT-7G3C9SJ0;TRUE,;TRUE,;14/05/2026, 17:31:55;16/05/2026, 13:36:06;13;18;23;46;;;0
"EVT-7GE1DNKH,TRUE,TRUE,""14/05/2026, 17:50:13"",""16/05/2026, 13:41:37""";;EVT-7GE1DNKH;TRUE,;TRUE,;14/05/2026, 17:50:13;16/05/2026, 13:41:37;13;18;23;46;;;0
"EVT-7KV1ZJ56,TRUE,FALSE,""14/05/2026, 17:42:06"",";;EVT-7KV1ZJ56;TRUE,;FALSE,;14/05/2026, 17:42:06;;13;18;24;47;;EVT-7KV1ZJ56;0
"EVT-7LL6WCH8,TRUE,TRUE,""14/05/2026, 17:47:41"",""17/05/2026, 12:49:14""";;EVT-7LL6WCH8;TRUE,;TRUE,;14/05/2026, 17:47:41;17/05/2026, 12:49:14;13;18;23;46;;;0
"EVT-7OA8HKXP,TRUE,TRUE,""17/05/2026, 12:58:15"",""17/05/2026, 12:58:43""";;EVT-7OA8HKXP;TRUE,;TRUE,;17/05/2026, 12:58:15;17/05/2026, 12:58:43;13;18;23;46;;;0
"EVT-7ODQDEHP,TRUE,FALSE,""16/05/2026, 12:11:19"",";;EVT-7ODQDEHP;TRUE,;FALSE,;16/05/2026, 12:11:19;;13;18;24;47;;EVT-7ODQDEHP;0
"EVT-7OR8K3CA,TRUE,TRUE,""16/05/2026, 14:06:53"",""16/05/2026, 14:09:16""";;EVT-7OR8K3CA;TRUE,;TRUE,;16/05/2026, 14:06:53;16/05/2026, 14:09:16;13;18;23;46;;;0
EVT-7SJTEZLI,FALSE,FALSE,,;;EVT-7SJTEZLI;FALSE,;FALSE,;;#VALOR!;13;19;25;#VALOR!;;#VALOR!;1
"EVT-7TLA9FGN,TRUE,TRUE,""14/05/2026, 11:52:39"",""16/05/2026, 13:02:33""";;EVT-7TLA9FGN;TRUE,;TRUE,;14/05/2026, 11:52:39;16/05/2026, 13:02:33;13;18;23;46;;;0
"EVT-7WEBN8O1,TRUE,FALSE,""16/05/2026, 12:12:15"",";;EVT-7WEBN8O1;TRUE,;FALSE,;16/05/2026, 12:12:15;;13;18;24;47;;EVT-7WEBN8O1;0
"EVT-822S9SO3,TRUE,TRUE,""14/05/2026, 17:39:51"",""15/05/2026, 15:00:42""";;EVT-822S9SO3;TRUE,;TRUE,;14/05/2026, 17:39:51;15/05/2026, 15:00:42;13;18;23;46;;;0
EVT-83IA7J9I,FALSE,FALSE,,;;EVT-83IA7J9I;FALSE,;FALSE,;;#VALOR!;13;19;25;#VALOR!;;#VALOR!;1
"EVT-85ABCTY3,TRUE,FALSE,""14/05/2026, 17:51:31"",";;EVT-85ABCTY3;TRUE,;FALSE,;14/05/2026, 17:51:31;;13;18;24;47;;EVT-85ABCTY3;0
EVT-85WJ6G5G,FALSE,FALSE,,;;EVT-85WJ6G5G;FALSE,;FALSE,;;#VALOR!;13;19;25;#VALOR!;;#VALOR!;1
"EVT-87MMZKI4,TRUE,TRUE,""16/05/2026, 20:14:26"",""16/05/2026, 20:14:46""";;EVT-87MMZKI4;TRUE,;TRUE,;16/05/2026, 20:14:26;16/05/2026, 20:14:46;13;18;23;46;;;0
EVT-88IWUKN4,FALSE,FALSE,,;;EVT-88IWUKN4;FALSE,;FALSE,;;#VALOR!;13;19;25;#VALOR!;;#VALOR!;1
"EVT-8B7KAZL5,TRUE,FALSE,""14/05/2026, 17:28:22"",";;EVT-8B7KAZL5;TRUE,;FALSE,;14/05/2026, 17:28:22;;13;18;24;47;;EVT-8B7KAZL5;0
"EVT-8DNI4GIR,TRUE,TRUE,""15/05/2026, 19:33:47"",""15/05/2026, 19:34:00""";;EVT-8DNI4GIR;TRUE,;TRUE,;15/05/2026, 19:33:47;15/05/2026, 19:34:00;13;18;23;46;;;0
"EVT-8F04WU25,TRUE,TRUE,""14/05/2026, 17:51:38"",""15/05/2026, 14:59:59""";;EVT-8F04WU25;TRUE,;TRUE,;14/05/2026, 17:51:38;15/05/2026, 14:59:59;13;18;23;46;;;0
EVT-8HRVQW0U,FALSE,FALSE,,;;EVT-8HRVQW0U;FALSE,;FALSE,;;#VALOR!;13;19;25;#VALOR!;;#VALOR!;1
"EVT-8ISNZNKN,TRUE,TRUE,""15/05/2026, 11:52:22"",""16/05/2026, 13:36:30""";;EVT-8ISNZNKN;TRUE,;TRUE,;15/05/2026, 11:52:22;16/05/2026, 13:36:30;13;18;23;46;;;0
EVT-8IY6UKF1,FALSE,FALSE,,;;EVT-8IY6UKF1;FALSE,;FALSE,;;#VALOR!;13;19;25;#VALOR!;;#VALOR!;1
EVT-8PORCPLT,FALSE,FALSE,,;;EVT-8PORCPLT;FALSE,;FALSE,;;#VALOR!;13;19;25;#VALOR!;;#VALOR!;1
EVT-8PT8635W,FALSE,FALSE,,;;EVT-8PT8635W;FALSE,;FALSE,;;#VALOR!;13;19;25;#VALOR!;;#VALOR!;1
EVT-8QQVEU2R,FALSE,FALSE,,;;EVT-8QQVEU2R;FALSE,;FALSE,;;#VALOR!;13;19;25;#VALOR!;;#VALOR!;1
EVT-8U5Z6C1C,FALSE,FALSE,,;;EVT-8U5Z6C1C;FALSE,;FALSE,;;#VALOR!;13;19;25;#VALOR!;;#VALOR!;1
"EVT-8UCLRF0Z,TRUE,TRUE,""14/05/2026, 17:31:51"",""17/05/2026, 12:01:08""";;EVT-8UCLRF0Z;TRUE,;TRUE,;14/05/2026, 17:31:51;17/05/2026, 12:01:08;13;18;23;46;;;0
"EVT-8V39SKLZ,TRUE,TRUE,""14/05/2026, 17:50:08"",""16/05/2026, 13:45:54""";;EVT-8V39SKLZ;TRUE,;TRUE,;14/05/2026, 17:50:08;16/05/2026, 13:45:54;13;18;23;46;;;0
"EVT-8Y0Z31H5,TRUE,FALSE,""14/05/2026, 17:42:03"",";;EVT-8Y0Z31H5;TRUE,;FALSE,;14/05/2026, 17:42:03;;13;18;24;47;;EVT-8Y0Z31H5;0
"EVT-8ZI8LUYA,TRUE,TRUE,""14/05/2026, 17:47:38"",""17/05/2026, 12:47:31""";;EVT-8ZI8LUYA;TRUE,;TRUE,;14/05/2026, 17:47:38;17/05/2026, 12:47:31;13;18;23;46;;;0
"EVT-913R36M9,TRUE,TRUE,""14/05/2026, 17:47:30"",""17/05/2026, 12:48:41""";;EVT-913R36M9;TRUE,;TRUE,;14/05/2026, 17:47:30;17/05/2026, 12:48:41;13;18;23;46;;;0
EVT-92S4QJSN,FALSE,FALSE,,;;EVT-92S4QJSN;FALSE,;FALSE,;;#VALOR!;13;19;25;#VALOR!;;#VALOR!;1
EVT-94HAYNA5,FALSE,FALSE,,;;EVT-94HAYNA5;FALSE,;FALSE,;;#VALOR!;13;19;25;#VALOR!;;#VALOR!;1
EVT-96BX8B6Q,FALSE,FALSE,,;;EVT-96BX8B6Q;FALSE,;FALSE,;;#VALOR!;13;19;25;#VALOR!;;#VALOR!;1
"EVT-9AJ2V1BC,TRUE,TRUE,""17/05/2026, 12:57:41"",""17/05/2026, 12:59:14""";;EVT-9AJ2V1BC;TRUE,;TRUE,;17/05/2026, 12:57:41;17/05/2026, 12:59:14;13;18;23;46;;;0
"EVT-9CL2FBQH,TRUE,FALSE,""16/05/2026, 12:11:24"",";;EVT-9CL2FBQH;TRUE,;FALSE,;16/05/2026, 12:11:24;;13;18;24;47;;EVT-9CL2FBQH;0
"EVT-9F8DAIMP,TRUE,TRUE,""16/05/2026, 14:06:39"",""16/05/2026, 14:09:22""";;EVT-9F8DAIMP;TRUE,;TRUE,;16/05/2026, 14:06:39;16/05/2026, 14:09:22;13;18;23;46;;;0
EVT-9N3FE5Y1,FALSE,FALSE,,;;EVT-9N3FE5Y1;FALSE,;FALSE,;;#VALOR!;13;19;25;#VALOR!;;#VALOR!;1
"EVT-9P9GYN5U,TRUE,TRUE,""14/05/2026, 11:52:33"",""16/05/2026, 13:02:27""";;EVT-9P9GYN5U;TRUE,;TRUE,;14/05/2026, 11:52:33;16/05/2026, 13:02:27;13;18;23;46;;;0
"EVT-9UJC0E80,TRUE,TRUE,""15/05/2026, 15:17:59"",""15/05/2026, 15:24:02""";;EVT-9UJC0E80;TRUE,;TRUE,;15/05/2026, 15:17:59;15/05/2026, 15:24:02;13;18;23;46;;;0
"EVT-9US72DLH,TRUE,TRUE,""14/05/2026, 17:28:18"",""16/05/2026, 14:16:35""";;EVT-9US72DLH;TRUE,;TRUE,;14/05/2026, 17:28:18;16/05/2026, 14:16:35;13;18;23;46;;;0
EVT-9WC1FQH2,FALSE,FALSE,,;;EVT-9WC1FQH2;FALSE,;FALSE,;;#VALOR!;13;19;25;#VALOR!;;#VALOR!;1
"EVT-A17L32VD,TRUE,TRUE,""14/05/2026, 11:52:19"",""16/05/2026, 13:02:43""";;EVT-A17L32VD;TRUE,;TRUE,;14/05/2026, 11:52:19;16/05/2026, 13:02:43;13;18;23;46;;;0
"EVT-A1P731LR,TRUE,TRUE,""16/05/2026, 14:05:50"",""16/05/2026, 14:09:45""";;EVT-A1P731LR;TRUE,;TRUE,;16/05/2026, 14:05:50;16/05/2026, 14:09:45;13;18;23;46;;;0
EVT-A5VTTZW2,FALSE,FALSE,,;;EVT-A5VTTZW2;FALSE,;FALSE,;;#VALOR!;13;19;25;#VALOR!;;#VALOR!;1
"EVT-ABJ0TM12,TRUE,TRUE,""15/05/2026, 13:59:02"",""15/05/2026, 14:00:26""";;EVT-ABJ0TM12;TRUE,;TRUE,;15/05/2026, 13:59:02;15/05/2026, 14:00:26;13;18;23;46;;;0
"EVT-AD64826Y,TRUE,TRUE,""14/05/2026, 17:27:08"",""15/05/2026, 12:31:44""";;EVT-AD64826Y;TRUE,;TRUE,;14/05/2026, 17:27:08;15/05/2026, 12:31:44;13;18;23;46;;;0
EVT-ADBNHCMK,FALSE,FALSE,,;;EVT-ADBNHCMK;FALSE,;FALSE,;;#VALOR!;13;19;25;#VALOR!;;#VALOR!;1
"EVT-AE8Z6P7A,TRUE,TRUE,""14/05/2026, 17:51:28"",""15/05/2026, 15:00:06""";;EVT-AE8Z6P7A;TRUE,;TRUE,;14/05/2026, 17:51:28;15/05/2026, 15:00:06;13;18;23;46;;;0
EVT-AERVKAYX,FALSE,FALSE,,;;EVT-AERVKAYX;FALSE,;FALSE,;;#VALOR!;13;19;25;#VALOR!;;#VALOR!;1
"EVT-AM1N3GM9,TRUE,TRUE,""15/05/2026, 11:52:14"",""16/05/2026, 20:30:17""";;EVT-AM1N3GM9;TRUE,;TRUE,;15/05/2026, 11:52:14;16/05/2026, 20:30:17;13;18;23;46;;;0
EVT-AQR5HWKS,FALSE,FALSE,,;;EVT-AQR5HWKS;FALSE,;FALSE,;;#VALOR!;13;19;25;#VALOR!;;#VALOR!;1
EVT-AY2EOGVT,FALSE,FALSE,,;;EVT-AY2EOGVT;FALSE,;FALSE,;;#VALOR!;13;19;25;#VALOR!;;#VALOR!;1
EVT-B0LT4FTE,FALSE,FALSE,,;;EVT-B0LT4FTE;FALSE,;FALSE,;;#VALOR!;13;19;25;#VALOR!;;#VALOR!;1
EVT-B0Z5X5XT,FALSE,FALSE,,;;EVT-B0Z5X5XT;FALSE,;FALSE,;;#VALOR!;13;19;25;#VALOR!;;#VALOR!;1
EVT-B1EMUCQ7,FALSE,FALSE,,;;EVT-B1EMUCQ7;FALSE,;FALSE,;;#VALOR!;13;19;25;#VALOR!;;#VALOR!;1
"EVT-B2XGW1GI,TRUE,FALSE,""14/05/2026, 17:31:33"",";;EVT-B2XGW1GI;TRUE,;FALSE,;14/05/2026, 17:31:33;;13;18;24;47;;EVT-B2XGW1GI;0
"EVT-B9G5KJC6,TRUE,TRUE,""14/05/2026, 17:49:57"",""15/05/2026, 14:23:50""";;EVT-B9G5KJC6;TRUE,;TRUE,;14/05/2026, 17:49:57;15/05/2026, 14:23:50;13;18;23;46;;;0
"EVT-B9K35QRZ,TRUE,TRUE,""14/05/2026, 17:39:48"",""16/05/2026, 14:26:34""";;EVT-B9K35QRZ;TRUE,;TRUE,;14/05/2026, 17:39:48;16/05/2026, 14:26:34;13;18;23;46;;;0
"EVT-BDNYLNOG,TRUE,TRUE,""14/05/2026, 17:47:26"",""17/05/2026, 12:47:20""";;EVT-BDNYLNOG;TRUE,;TRUE,;14/05/2026, 17:47:26;17/05/2026, 12:47:20;13;18;23;46;;;0
EVT-BFXWKRFO,FALSE,FALSE,,;;EVT-BFXWKRFO;FALSE,;FALSE,;;#VALOR!;13;19;25;#VALOR!;;#VALOR!;1
"EVT-BH6R7FZO,TRUE,TRUE,""17/05/2026, 12:58:24"",""17/05/2026, 12:58:37""";;EVT-BH6R7FZO;TRUE,;TRUE,;17/05/2026, 12:58:24;17/05/2026, 12:58:37;13;18;23;46;;;0
"EVT-BHP6Z1RI,TRUE,TRUE,""16/05/2026, 14:05:59"",""16/05/2026, 14:09:38""";;EVT-BHP6Z1RI;TRUE,;TRUE,;16/05/2026, 14:05:59;16/05/2026, 14:09:38;13;18;23;46;;;0
EVT-BKD3EWI5,FALSE,FALSE,,;;EVT-BKD3EWI5;FALSE,;FALSE,;;#VALOR!;13;19;25;#VALOR!;;#VALOR!;1
"EVT-BKKC0MGV,TRUE,TRUE,""14/05/2026, 11:52:13"",""16/05/2026, 13:02:48""";;EVT-BKKC0MGV;TRUE,;TRUE,;14/05/2026, 11:52:13;16/05/2026, 13:02:48;13;18;23;46;;;0
"EVT-BKPLMCLA,TRUE,TRUE,""15/05/2026, 13:58:59"",""15/05/2026, 14:00:31""";;EVT-BKPLMCLA;TRUE,;TRUE,;15/05/2026, 13:58:59;15/05/2026, 14:00:31;13;18;23;46;;;0
"EVT-BN9IUKP7,TRUE,TRUE,""14/05/2026, 17:26:48"",""15/05/2026, 15:06:51""";;EVT-BN9IUKP7;TRUE,;TRUE,;14/05/2026, 17:26:48;15/05/2026, 15:06:51;13;18;23;46;;;0
EVT-BQXKXVNT,FALSE,FALSE,,;;EVT-BQXKXVNT;FALSE,;FALSE,;;#VALOR!;13;19;25;#VALOR!;;#VALOR!;1
"EVT-BV66K4TB,TRUE,TRUE,""14/05/2026, 17:51:20"",""15/05/2026, 14:59:02""";;EVT-BV66K4TB;TRUE,;TRUE,;14/05/2026, 17:51:20;15/05/2026, 14:59:02;13;18;23;46;;;0
EVT-BYQCW8NT,FALSE,FALSE,,;;EVT-BYQCW8NT;FALSE,;FALSE,;;#VALOR!;13;19;25;#VALOR!;;#VALOR!;1
"EVT-BZDSIZR3,TRUE,TRUE,""15/05/2026, 11:52:11"",""16/05/2026, 20:30:12""";;EVT-BZDSIZR3;TRUE,;TRUE,;15/05/2026, 11:52:11;16/05/2026, 20:30:12;13;18;23;46;;;0
EVT-C0VF1TR8,FALSE,FALSE,,;;EVT-C0VF1TR8;FALSE,;FALSE,;;#VALOR!;13;19;25;#VALOR!;;#VALOR!;1
EVT-C3AEWBBW,FALSE,FALSE,,;;EVT-C3AEWBBW;FALSE,;FALSE,;;#VALOR!;13;19;25;#VALOR!;;#VALOR!;1
EVT-C7GJ33JB,FALSE,FALSE,,;;EVT-C7GJ33JB;FALSE,;FALSE,;;#VALOR!;13;19;25;#VALOR!;;#VALOR!;1
EVT-C8CNWSK2,FALSE,FALSE,,;;EVT-C8CNWSK2;FALSE,;FALSE,;;#VALOR!;13;19;25;#VALOR!;;#VALOR!;1
EVT-C9HFK0D6,FALSE,FALSE,,;;EVT-C9HFK0D6;FALSE,;FALSE,;;#VALOR!;13;19;25;#VALOR!;;#VALOR!;1
"EVT-CDSXXBML,TRUE,TRUE,""14/05/2026, 17:31:29"",""16/05/2026, 13:37:10""";;EVT-CDSXXBML;TRUE,;TRUE,;14/05/2026, 17:31:29;16/05/2026, 13:37:10;13;18;23;46;;;0
"EVT-CFEX2ULL,TRUE,TRUE,""14/05/2026, 17:49:53"",""15/05/2026, 14:23:03""";;EVT-CFEX2ULL;TRUE,;TRUE,;14/05/2026, 17:49:53;15/05/2026, 14:23:03;13;18;23;46;;;0
"EVT-CLH0VQRZ,TRUE,TRUE,""14/05/2026, 17:39:42"",""16/05/2026, 13:37:33""";;EVT-CLH0VQRZ;TRUE,;TRUE,;14/05/2026, 17:39:42;16/05/2026, 13:37:33;13;18;23;46;;;0
"EVT-CO3OKB8M,TRUE,TRUE,""14/05/2026, 17:47:22"",""17/05/2026, 12:49:19""";;EVT-CO3OKB8M;TRUE,;TRUE,;14/05/2026, 17:47:22;17/05/2026, 12:49:19;13;18;23;46;;;0
"EVT-CRRQO9FL,TRUE,TRUE,""16/05/2026, 12:43:15"",""16/05/2026, 13:02:20""";;EVT-CRRQO9FL;TRUE,;TRUE,;16/05/2026, 12:43:15;16/05/2026, 13:02:20;13;18;23;46;;;0
"EVT-CUVU3OYR,TRUE,TRUE,""17/05/2026, 12:57:33"",""17/05/2026, 12:59:19""";;EVT-CUVU3OYR;TRUE,;TRUE,;17/05/2026, 12:57:33;17/05/2026, 12:59:19;13;18;23;46;;;0
"EVT-CVKQP4E8,TRUE,TRUE,""16/05/2026, 14:06:21"",""16/05/2026, 14:09:28""";;EVT-CVKQP4E8;TRUE,;TRUE,;16/05/2026, 14:06:21;16/05/2026, 14:09:28;13;18;23;46;;;0
EVT-CWR1CH7A,FALSE,FALSE,,;;EVT-CWR1CH7A;FALSE,;FALSE,;;#VALOR!;13;19;25;#VALOR!;;#VALOR!;1
EVT-D059CXIX,FALSE,FALSE,,;;EVT-D059CXIX;FALSE,;FALSE,;;#VALOR!;13;19;25;#VALOR!;;#VALOR!;1
"EVT-D1Y9V2NX,TRUE,TRUE,""14/05/2026, 11:52:07"",""16/05/2026, 13:02:53""";;EVT-D1Y9V2NX;TRUE,;TRUE,;14/05/2026, 11:52:07;16/05/2026, 13:02:53;13;18;23;46;;;0
"EVT-D5VPO14R,TRUE,TRUE,""15/05/2026, 13:58:55"",""15/05/2026, 14:00:36""";;EVT-D5VPO14R;TRUE,;TRUE,;15/05/2026, 13:58:55;15/05/2026, 14:00:36;13;18;23;46;;;0
"EVT-D6K887I4,TRUE,FALSE,""14/05/2026, 17:26:45"",";;EVT-D6K887I4;TRUE,;FALSE,;14/05/2026, 17:26:45;;13;18;24;47;;EVT-D6K887I4;0
EVT-D6RWA8O4,FALSE,FALSE,,;;EVT-D6RWA8O4;FALSE,;FALSE,;;#VALOR!;13;19;25;#VALOR!;;#VALOR!;1
"EVT-D7T5JI0D,TRUE,TRUE,""15/05/2026, 11:14:46"",""16/05/2026, 13:11:57""";;EVT-D7T5JI0D;TRUE,;TRUE,;15/05/2026, 11:14:46;16/05/2026, 13:11:57;13;18;23;46;;;0
EVT-D8RJNV79,FALSE,FALSE,,;;EVT-D8RJNV79;FALSE,;FALSE,;;#VALOR!;13;19;25;#VALOR!;;#VALOR!;1
"EVT-D9WT7PGG,TRUE,TRUE,""16/05/2026, 20:14:11"",""16/05/2026, 20:14:41""";;EVT-D9WT7PGG;TRUE,;TRUE,;16/05/2026, 20:14:11;16/05/2026, 20:14:41;13;18;23;46;;;0
EVT-DCOFTH4H,FALSE,FALSE,,;;EVT-DCOFTH4H;FALSE,;FALSE,;;#VALOR!;13;19;25;#VALOR!;;#VALOR!;1
EVT-DKN6UOMS,FALSE,FALSE,,;;EVT-DKN6UOMS;FALSE,;FALSE,;;#VALOR!;13;19;25;#VALOR!;;#VALOR!;1
EVT-DMZLEXR8,FALSE,FALSE,,;;EVT-DMZLEXR8;FALSE,;FALSE,;;#VALOR!;13;19;25;#VALOR!;;#VALOR!;1
EVT-DNR0MWFW,FALSE,FALSE,,;;EVT-DNR0MWFW;FALSE,;FALSE,;;#VALOR!;13;19;25;#VALOR!;;#VALOR!;1
"EVT-DO0COSVH,TRUE,TRUE,""14/05/2026, 17:31:23"",""16/05/2026, 12:22:04""";;EVT-DO0COSVH;TRUE,;TRUE,;14/05/2026, 17:31:23;16/05/2026, 12:22:04;13;18;23;46;;;0
"EVT-DOQU6ZP3,TRUE,TRUE,""14/05/2026, 17:49:49"",""15/05/2026, 14:23:19""";;EVT-DOQU6ZP3;TRUE,;TRUE,;14/05/2026, 17:49:49;15/05/2026, 14:23:19;13;18;23;46;;;0
"EVT-DR8MYUOR,TRUE,TRUE,""14/05/2026, 17:39:39"",""16/05/2026, 13:37:38""";;EVT-DR8MYUOR;TRUE,;TRUE,;14/05/2026, 17:39:39;16/05/2026, 13:37:38;13;18;23;46;;;0
"EVT-DUQLUBSY,TRUE,TRUE,""14/05/2026, 17:47:17"",""17/05/2026, 12:47:25""";;EVT-DUQLUBSY;TRUE,;TRUE,;14/05/2026, 17:47:17;17/05/2026, 12:47:25;13;18;23;46;;;0
"EVT-DY4JOV5Y,TRUE,TRUE,""16/05/2026, 12:43:40"",""16/05/2026, 12:44:27""";;EVT-DY4JOV5Y;TRUE,;TRUE,;16/05/2026, 12:43:40;16/05/2026, 12:44:27;13;18;23;46;;;0
"EVT-E0X8689D,TRUE,TRUE,""17/05/2026, 12:57:27"",""17/05/2026, 12:59:24""";;EVT-E0X8689D;TRUE,;TRUE,;17/05/2026, 12:57:27;17/05/2026, 12:59:24;13;18;23;46;;;0
"EVT-E1MT0ZB0,TRUE,TRUE,""16/05/2026, 14:02:31"",""16/05/2026, 14:03:53""";;EVT-E1MT0ZB0;TRUE,;TRUE,;16/05/2026, 14:02:31;16/05/2026, 14:03:53;13;18;23;46;;;0
EVT-E5DF02P4,FALSE,FALSE,,;;EVT-E5DF02P4;FALSE,;FALSE,;;#VALOR!;13;19;25;#VALOR!;;#VALOR!;1
EVT-E668EPDL,FALSE,FALSE,,;;EVT-E668EPDL;FALSE,;FALSE,;;#VALOR!;13;19;25;#VALOR!;;#VALOR!;1
"EVT-E6VFLQ6H,TRUE,TRUE,""14/05/2026, 11:52:01"",""17/05/2026, 14:31:11""";;EVT-E6VFLQ6H;TRUE,;TRUE,;14/05/2026, 11:52:01;17/05/2026, 14:31:11;13;18;23;46;;;0
"EVT-E7L05W8Y,TRUE,FALSE,""15/05/2026, 13:58:51"",";;EVT-E7L05W8Y;TRUE,;FALSE,;15/05/2026, 13:58:51;;13;18;24;47;;EVT-E7L05W8Y;0
"EVT-E85LG3WO,TRUE,TRUE,""14/05/2026, 17:26:34"",""15/05/2026, 13:38:24""";;EVT-E85LG3WO;TRUE,;TRUE,;14/05/2026, 17:26:34;15/05/2026, 13:38:24;13;18;23;46;;;0
"EVT-EAW0M3OJ,TRUE,TRUE,""15/05/2026, 11:14:42"",""15/05/2026, 12:30:43""";;EVT-EAW0M3OJ;TRUE,;TRUE,;15/05/2026, 11:14:42;15/05/2026, 12:30:43;13;18;23;46;;;0
EVT-EK6QJS1O,FALSE,FALSE,,;;EVT-EK6QJS1O;FALSE,;FALSE,;;#VALOR!;13;19;25;#VALOR!;;#VALOR!;1
"EVT-EMEJC2Y8,TRUE,TRUE,""15/05/2026, 11:52:07"",""17/05/2026, 12:56:46""";;EVT-EMEJC2Y8;TRUE,;TRUE,;15/05/2026, 11:52:07;17/05/2026, 12:56:46;13;18;23;46;;;0
EVT-EN8JIHM2,FALSE,FALSE,,;;EVT-EN8JIHM2;FALSE,;FALSE,;;#VALOR!;13;19;25;#VALOR!;;#VALOR!;1
EVT-EPDQDDJY,FALSE,FALSE,,;;EVT-EPDQDDJY;FALSE,;FALSE,;;#VALOR!;13;19;25;#VALOR!;;#VALOR!;1
EVT-ETHUUH6J,FALSE,FALSE,,;;EVT-ETHUUH6J;FALSE,;FALSE,;;#VALOR!;13;19;25;#VALOR!;;#VALOR!;1
EVT-EUDO3U1C,FALSE,FALSE,,;;EVT-EUDO3U1C;FALSE,;FALSE,;;#VALOR!;13;19;25;#VALOR!;;#VALOR!;1
EVT-EW1R3SYM,FALSE,FALSE,,;;EVT-EW1R3SYM;FALSE,;FALSE,;;#VALOR!;13;19;25;#VALOR!;;#VALOR!;1
"EVT-F2DJBCA4,TRUE,TRUE,""14/05/2026, 17:31:18"",""15/05/2026, 21:10:01""";;EVT-F2DJBCA4;TRUE,;TRUE,;14/05/2026, 17:31:18;15/05/2026, 21:10:01;13;18;23;46;;;0
"EVT-F4B097BD,TRUE,TRUE,""14/05/2026, 17:49:44"",""15/05/2026, 14:24:21""";;EVT-F4B097BD;TRUE,;TRUE,;14/05/2026, 17:49:44;15/05/2026, 14:24:21;13;18;23;46;;;0
"EVT-F5YIQAKO,TRUE,FALSE,""14/05/2026, 17:39:35"",";;EVT-F5YIQAKO;TRUE,;FALSE,;14/05/2026, 17:39:35;;13;18;24;47;;EVT-F5YIQAKO;0
"EVT-F7U3X9E8,TRUE,TRUE,""14/05/2026, 17:47:13"",""17/05/2026, 13:22:56""";;EVT-F7U3X9E8;TRUE,;TRUE,;14/05/2026, 17:47:13;17/05/2026, 13:22:56;13;18;23;46;;;0
"EVT-F8LHRYP2,TRUE,TRUE,""16/05/2026, 12:43:36"",""16/05/2026, 12:44:31""";;EVT-F8LHRYP2;TRUE,;TRUE,;16/05/2026, 12:43:36;16/05/2026, 12:44:31;13;18;23;46;;;0
"EVT-F8N44RVJ,TRUE,TRUE,""17/05/2026, 12:36:40"",""17/05/2026, 12:37:08""";;EVT-F8N44RVJ;TRUE,;TRUE,;17/05/2026, 12:36:40;17/05/2026, 12:37:08;13;18;23;46;;;0
"EVT-F8U580E0,TRUE,TRUE,""16/05/2026, 14:02:26"",""16/05/2026, 14:03:48""";;EVT-F8U580E0;TRUE,;TRUE,;16/05/2026, 14:02:26;16/05/2026, 14:03:48;13;18;23;46;;;0
EVT-F9431FTY,FALSE,FALSE,,;;EVT-F9431FTY;FALSE,;FALSE,;;#VALOR!;13;19;25;#VALOR!;;#VALOR!;1
"EVT-FAHL3DOE,TRUE,TRUE,""14/05/2026, 11:51:54"",""17/05/2026, 14:31:05""";;EVT-FAHL3DOE;TRUE,;TRUE,;14/05/2026, 11:51:54;17/05/2026, 14:31:05;13;18;23;46;;;0
"EVT-FD31PA82,TRUE,TRUE,""15/05/2026, 13:58:46"",""15/05/2026, 14:00:44""";;EVT-FD31PA82;TRUE,;TRUE,;15/05/2026, 13:58:46;15/05/2026, 14:00:44;13;18;23;46;;;0
"EVT-FD94CCWU,TRUE,TRUE,""14/05/2026, 17:26:25"",""15/05/2026, 13:52:34""";;EVT-FD94CCWU;TRUE,;TRUE,;14/05/2026, 17:26:25;15/05/2026, 13:52:34;13;18;23;46;;;0
"EVT-FE97FXR5,TRUE,TRUE,""15/05/2026, 12:23:52"",""15/05/2026, 13:08:34""";;EVT-FE97FXR5;TRUE,;TRUE,;15/05/2026, 12:23:52;15/05/2026, 13:08:34;13;18;23;46;;;0
"EVT-FMI02WLA,TRUE,TRUE,""15/05/2026, 14:15:24"",""15/05/2026, 14:16:13""";;EVT-FMI02WLA;TRUE,;TRUE,;15/05/2026, 14:15:24;15/05/2026, 14:16:13;13;18;23;46;;;0
EVT-FNBZYSZM,FALSE,FALSE,,;;EVT-FNBZYSZM;FALSE,;FALSE,;;#VALOR!;13;19;25;#VALOR!;;#VALOR!;1
"EVT-FONHVDGN,TRUE,TRUE,""15/05/2026, 11:14:52"",""16/05/2026, 13:11:51""";;EVT-FONHVDGN;TRUE,;TRUE,;15/05/2026, 11:14:52;16/05/2026, 13:11:51;13;18;23;46;;;0
EVT-FSPSNREC,FALSE,FALSE,,;;EVT-FSPSNREC;FALSE,;FALSE,;;#VALOR!;13;19;25;#VALOR!;;#VALOR!;1
EVT-FUZRT8SZ,FALSE,FALSE,,;;EVT-FUZRT8SZ;FALSE,;FALSE,;;#VALOR!;13;19;25;#VALOR!;;#VALOR!;1
EVT-FZF82PVD,FALSE,FALSE,,;;EVT-FZF82PVD;FALSE,;FALSE,;;#VALOR!;13;19;25;#VALOR!;;#VALOR!;1
EVT-G00S699K,FALSE,FALSE,,;;EVT-G00S699K;FALSE,;FALSE,;;#VALOR!;13;19;25;#VALOR!;;#VALOR!;1
"EVT-G49SDUM8,TRUE,FALSE,""14/05/2026, 17:31:13"",";;EVT-G49SDUM8;TRUE,;FALSE,;14/05/2026, 17:31:13;;13;18;24;47;;EVT-G49SDUM8;0
"EVT-G67555LK,TRUE,FALSE,""14/05/2026, 17:39:30"",";;EVT-G67555LK;TRUE,;FALSE,;14/05/2026, 17:39:30;;13;18;24;47;;EVT-G67555LK;0
"EVT-G80L6YGY,TRUE,FALSE,""14/05/2026, 17:49:39"",";;EVT-G80L6YGY;TRUE,;FALSE,;14/05/2026, 17:49:39;;13;18;24;47;;EVT-G80L6YGY;0
EVT-G8LF36GQ,FALSE,FALSE,,;;EVT-G8LF36GQ;FALSE,;FALSE,;;#VALOR!;13;19;25;#VALOR!;;#VALOR!;1
"EVT-GAVI00L8,TRUE,FALSE,""14/05/2026, 17:47:09"",";;EVT-GAVI00L8;TRUE,;FALSE,;14/05/2026, 17:47:09;;13;18;24;47;;EVT-GAVI00L8;0
"EVT-GAYAHUX4,TRUE,TRUE,""16/05/2026, 12:43:30"",""16/05/2026, 12:44:38""";;EVT-GAYAHUX4;TRUE,;TRUE,;16/05/2026, 12:43:30;16/05/2026, 12:44:38;13;18;23;46;;;0
"EVT-GKUMTC7O,TRUE,TRUE,""17/05/2026, 12:36:31"",""17/05/2026, 12:37:15""";;EVT-GKUMTC7O;TRUE,;TRUE,;17/05/2026, 12:36:31;17/05/2026, 12:37:15;13;18;23;46;;;0
"EVT-GN1PXRXD,TRUE,TRUE,""17/05/2026, 12:42:43"",""17/05/2026, 12:42:49""";;EVT-GN1PXRXD;TRUE,;TRUE,;17/05/2026, 12:42:43;17/05/2026, 12:42:49;13;18;23;46;;;0
EVT-GOC5TIU6,FALSE,FALSE,,;;EVT-GOC5TIU6;FALSE,;FALSE,;;#VALOR!;13;19;25;#VALOR!;;#VALOR!;1
"EVT-GOM3E2K7,TRUE,TRUE,""14/05/2026, 11:51:47"",""17/05/2026, 14:30:55""";;EVT-GOM3E2K7;TRUE,;TRUE,;14/05/2026, 11:51:47;17/05/2026, 14:30:55;13;18;23;46;;;0
"EVT-GPJZDAFB,TRUE,TRUE,""15/05/2026, 13:58:39"",""15/05/2026, 14:00:51""";;EVT-GPJZDAFB;TRUE,;TRUE,;15/05/2026, 13:58:39;15/05/2026, 14:00:51;13;18;23;46;;;0
"EVT-GRZOWOA9,TRUE,TRUE,""14/05/2026, 17:26:03"",""15/05/2026, 14:01:57""";;EVT-GRZOWOA9;TRUE,;TRUE,;14/05/2026, 17:26:03;15/05/2026, 14:01:57;13;18;23;46;;;0
"EVT-GT0C93KV,TRUE,TRUE,""15/05/2026, 12:23:49"",""15/05/2026, 13:33:44""";;EVT-GT0C93KV;TRUE,;TRUE,;15/05/2026, 12:23:49;15/05/2026, 13:33:44;13;18;23;46;;;0
"EVT-GUVU6LJL,TRUE,TRUE,""15/05/2026, 12:16:13"",""15/05/2026, 15:00:30""";;EVT-GUVU6LJL;TRUE,;TRUE,;15/05/2026, 12:16:13;15/05/2026, 15:00:30;13;18;23;46;;;0
EVT-GWLVH0ZH,FALSE,FALSE,,;;EVT-GWLVH0ZH;FALSE,;FALSE,;;#VALOR!;13;19;25;#VALOR!;;#VALOR!;1
"EVT-GYVU9DM3,TRUE,TRUE,""15/05/2026, 11:14:49"",""16/05/2026, 13:11:42""";;EVT-GYVU9DM3;TRUE,;TRUE,;15/05/2026, 11:14:49;16/05/2026, 13:11:42;13;18;23;46;;;0
EVT-GZOKL445,FALSE,FALSE,,;;EVT-GZOKL445;FALSE,;FALSE,;;#VALOR!;13;19;25;#VALOR!;;#VALOR!;1
EVT-H2AMZJGA,FALSE,FALSE,,;;EVT-H2AMZJGA;FALSE,;FALSE,;;#VALOR!;13;19;25;#VALOR!;;#VALOR!;1
EVT-H5V2YCK0,FALSE,FALSE,,;;EVT-H5V2YCK0;FALSE,;FALSE,;;#VALOR!;13;19;25;#VALOR!;;#VALOR!;1
EVT-HEFNQ983,FALSE,FALSE,,;;EVT-HEFNQ983;FALSE,;FALSE,;;#VALOR!;13;19;25;#VALOR!;;#VALOR!;1
EVT-HHM69ATT,FALSE,FALSE,,;;EVT-HHM69ATT;FALSE,;FALSE,;;#VALOR!;13;19;25;#VALOR!;;#VALOR!;1
"EVT-HHOLUXIE,TRUE,TRUE,""14/05/2026, 17:31:09"",""16/05/2026, 13:36:57""";;EVT-HHOLUXIE;TRUE,;TRUE,;14/05/2026, 17:31:09;16/05/2026, 13:36:57;13;18;23;46;;;0
"EVT-HKLCBT7Y,TRUE,TRUE,""15/05/2026, 13:08:58"",""15/05/2026, 13:09:28""";;EVT-HKLCBT7Y;TRUE,;TRUE,;15/05/2026, 13:08:58;15/05/2026, 13:09:28;13;18;23;46;;;0
"EVT-HM41U1F2,TRUE,FALSE,""14/05/2026, 17:39:27"",";;EVT-HM41U1F2;TRUE,;FALSE,;14/05/2026, 17:39:27;;13;18;24;47;;EVT-HM41U1F2;0
"EVT-HRGIZ1J0,TRUE,TRUE,""14/05/2026, 17:47:05"",""17/05/2026, 12:48:15""";;EVT-HRGIZ1J0;TRUE,;TRUE,;14/05/2026, 17:47:05;17/05/2026, 12:48:15;13;18;23;46;;;0
"EVT-HSPP7AXJ,TRUE,TRUE,""16/05/2026, 12:43:25"",""16/05/2026, 12:44:43""";;EVT-HSPP7AXJ;TRUE,;TRUE,;16/05/2026, 12:43:25;16/05/2026, 12:44:43;13;18;23;46;;;0
"EVT-HTITJX4J,TRUE,TRUE,""17/05/2026, 12:36:54"",""17/05/2026, 12:37:02""";;EVT-HTITJX4J;TRUE,;TRUE,;17/05/2026, 12:36:54;17/05/2026, 12:37:02;13;18;23;46;;;0
"EVT-HWCUY0P2,TRUE,TRUE,""16/05/2026, 14:34:34"",""16/05/2026, 14:35:42""";;EVT-HWCUY0P2;TRUE,;TRUE,;16/05/2026, 14:34:34;16/05/2026, 14:35:42;13;18;23;46;;;0
"EVT-HYWZZPSE,TRUE,TRUE,""17/05/2026, 13:27:58"",""17/05/2026, 13:28:04""";;EVT-HYWZZPSE;TRUE,;TRUE,;17/05/2026, 13:27:58;17/05/2026, 13:28:04;13;18;23;46;;;0
"EVT-I275G4YU,TRUE,TRUE,""14/05/2026, 17:25:54"",""15/05/2026, 14:23:30""";;EVT-I275G4YU;TRUE,;TRUE,;14/05/2026, 17:25:54;15/05/2026, 14:23:30;13;18;23;46;;;0
"EVT-I2WUTKZS,TRUE,FALSE,""14/05/2026, 11:51:40"",";;EVT-I2WUTKZS;TRUE,;FALSE,;14/05/2026, 11:51:40;;13;18;24;47;;EVT-I2WUTKZS;0
"EVT-I359TWCE,TRUE,TRUE,""15/05/2026, 12:23:46"",""15/05/2026, 13:33:51""";;EVT-I359TWCE;TRUE,;TRUE,;15/05/2026, 12:23:46;15/05/2026, 13:33:51;13;18;23;46;;;0
EVT-I3K9WWJ3,FALSE,FALSE,,;;EVT-I3K9WWJ3;FALSE,;FALSE,;;#VALOR!;13;19;25;#VALOR!;;#VALOR!;1
"EVT-I676ZNSK,TRUE,TRUE,""15/05/2026, 15:01:04"",""15/05/2026, 15:01:39""";;EVT-I676ZNSK;TRUE,;TRUE,;15/05/2026, 15:01:04;15/05/2026, 15:01:39;13;18;23;46;;;0
EVT-IBYJOHH3,FALSE,FALSE,,;;EVT-IBYJOHH3;FALSE,;FALSE,;;#VALOR!;13;19;25;#VALOR!;;#VALOR!;1
"EVT-IE4YMHI0,TRUE,TRUE,""14/05/2026, 17:52:43"",""15/05/2026, 14:59:16""";;EVT-IE4YMHI0;TRUE,;TRUE,;14/05/2026, 17:52:43;15/05/2026, 14:59:16;13;18;23;46;;;0
EVT-IKJH4ECO,FALSE,FALSE,,;;EVT-IKJH4ECO;FALSE,;FALSE,;;#VALOR!;13;19;25;#VALOR!;;#VALOR!;1
EVT-IMQT2J03,FALSE,FALSE,,;;EVT-IMQT2J03;FALSE,;FALSE,;;#VALOR!;13;19;25;#VALOR!;;#VALOR!;1
EVT-IQCLZ06A,FALSE,FALSE,,;;EVT-IQCLZ06A;FALSE,;FALSE,;;#VALOR!;13;19;25;#VALOR!;;#VALOR!;1
EVT-IRET8GJV,FALSE,FALSE,,;;EVT-IRET8GJV;FALSE,;FALSE,;;#VALOR!;13;19;25;#VALOR!;;#VALOR!;1
EVT-IRFO5W58,FALSE,FALSE,,;;EVT-IRFO5W58;FALSE,;FALSE,;;#VALOR!;13;19;25;#VALOR!;;#VALOR!;1
"EVT-IRW01TAM,TRUE,TRUE,""14/05/2026, 17:31:03"",""17/05/2026, 14:30:16""";;EVT-IRW01TAM;TRUE,;TRUE,;14/05/2026, 17:31:03;17/05/2026, 14:30:16;13;18;23;46;;;0
"EVT-IVM715JN,TRUE,TRUE,""15/05/2026, 12:24:00"",""15/05/2026, 13:08:24""";;EVT-IVM715JN;TRUE,;TRUE,;15/05/2026, 12:24:00;15/05/2026, 13:08:24;13;18;23;46;;;0
"EVT-IWC0PSYD,TRUE,TRUE,""14/05/2026, 17:32:57"",""15/05/2026, 14:00:20""";;EVT-IWC0PSYD;TRUE,;TRUE,;14/05/2026, 17:32:57;15/05/2026, 14:00:20;13;18;23;46;;;0
"EVT-IYWW3KTY,TRUE,TRUE,""14/05/2026, 17:47:01"",""17/05/2026, 13:12:25""";;EVT-IYWW3KTY;TRUE,;TRUE,;14/05/2026, 17:47:01;17/05/2026, 13:12:25;13;18;23;46;;;0
"EVT-IZ0JMKH2,TRUE,TRUE,""16/05/2026, 12:43:20"",""16/05/2026, 12:44:48""";;EVT-IZ0JMKH2;TRUE,;TRUE,;16/05/2026, 12:43:20;16/05/2026, 12:44:48;13;18;23;46;;;0
EVT-IZT3FHU8,FALSE,FALSE,,;;EVT-IZT3FHU8;FALSE,;FALSE,;;#VALOR!;13;19;25;#VALOR!;;#VALOR!;1
"EVT-J0R9W812,TRUE,TRUE,""16/05/2026, 14:34:47"",""16/05/2026, 14:35:28""";;EVT-J0R9W812;TRUE,;TRUE,;16/05/2026, 14:34:47;16/05/2026, 14:35:28;13;18;23;46;;;0
"EVT-J18PR7UT,TRUE,TRUE,""15/05/2026, 12:17:49"",""15/05/2026, 13:38:55""";;EVT-J18PR7UT;TRUE,;TRUE,;15/05/2026, 12:17:49;15/05/2026, 13:38:55;13;18;23;46;;;0
"EVT-J3WD17V0,TRUE,TRUE,""17/05/2026, 13:22:44"",""17/05/2026, 13:23:21""";;EVT-J3WD17V0;TRUE,;TRUE,;17/05/2026, 13:22:44;17/05/2026, 13:23:21;13;18;23;46;;;0
"EVT-J48K1S8T,TRUE,TRUE,""15/05/2026, 12:16:09"",""15/05/2026, 15:00:17""";;EVT-J48K1S8T;TRUE,;TRUE,;15/05/2026, 12:16:09;15/05/2026, 15:00:17;13;18;23;46;;;0
"EVT-J6OCHTAJ,TRUE,TRUE,""14/05/2026, 11:51:25"",""17/05/2026, 14:30:32""";;EVT-J6OCHTAJ;TRUE,;TRUE,;14/05/2026, 11:51:25;17/05/2026, 14:30:32;13;18;23;46;;;0
EVT-J7FUQF4U,FALSE,FALSE,,;;EVT-J7FUQF4U;FALSE,;FALSE,;;#VALOR!;13;19;25;#VALOR!;;#VALOR!;1
"EVT-J9M0284N,TRUE,TRUE,""14/05/2026, 17:25:44"",""15/05/2026, 12:32:31""";;EVT-J9M0284N;TRUE,;TRUE,;14/05/2026, 17:25:44;15/05/2026, 12:32:31;13;18;23;46;;;0
EVT-JDIO2PAZ,FALSE,FALSE,,;;EVT-JDIO2PAZ;FALSE,;FALSE,;;#VALOR!;13;19;25;#VALOR!;;#VALOR!;1
"EVT-JDOSF021,TRUE,TRUE,""14/05/2026, 17:52:39"",""15/05/2026, 13:40:15""";;EVT-JDOSF021;TRUE,;TRUE,;14/05/2026, 17:52:39;15/05/2026, 13:40:15;13;18;23;46;;;0
EVT-JDUES2AI,FALSE,FALSE,,;;EVT-JDUES2AI;FALSE,;FALSE,;;#VALOR!;13;19;25;#VALOR!;;#VALOR!;1
EVT-JGE2AJ92,FALSE,FALSE,,;;EVT-JGE2AJ92;FALSE,;FALSE,;;#VALOR!;13;19;25;#VALOR!;;#VALOR!;1
EVT-JGMT8JW8,FALSE,FALSE,,;;EVT-JGMT8JW8;FALSE,;FALSE,;;#VALOR!;13;19;25;#VALOR!;;#VALOR!;1
EVT-JMO5NGU5,FALSE,FALSE,,;;EVT-JMO5NGU5;FALSE,;FALSE,;;#VALOR!;13;19;25;#VALOR!;;#VALOR!;1
EVT-JV1VXIA7,FALSE,FALSE,,;;EVT-JV1VXIA7;FALSE,;FALSE,;;#VALOR!;13;19;25;#VALOR!;;#VALOR!;1
"EVT-JZQJUAZL,TRUE,FALSE,""14/05/2026, 17:30:55"",";;EVT-JZQJUAZL;TRUE,;FALSE,;14/05/2026, 17:30:55;;13;18;24;47;;EVT-JZQJUAZL;0
"EVT-K66803KX,TRUE,TRUE,""15/05/2026, 12:23:57"",""15/05/2026, 13:08:17""";;EVT-K66803KX;TRUE,;TRUE,;15/05/2026, 12:23:57;15/05/2026, 13:08:17;13;18;23;46;;;0
"EVT-KA36PBKS,TRUE,TRUE,""14/05/2026, 17:32:53"",""15/05/2026, 14:59:08""";;EVT-KA36PBKS;TRUE,;TRUE,;14/05/2026, 17:32:53;15/05/2026, 14:59:08;13;18;23;46;;;0
"EVT-KG7U3NXU,TRUE,TRUE,""14/05/2026, 17:46:58"",""17/05/2026, 12:49:29""";;EVT-KG7U3NXU;TRUE,;TRUE,;14/05/2026, 17:46:58;17/05/2026, 12:49:29;13;18;23;46;;;0
"EVT-KK74YKWC,TRUE,TRUE,""16/05/2026, 12:21:47"",""17/05/2026, 14:27:07""";;EVT-KK74YKWC;TRUE,;TRUE,;16/05/2026, 12:21:47;17/05/2026, 14:27:07;13;18;23;46;;;0
EVT-KLKUULJW,FALSE,FALSE,,;;EVT-KLKUULJW;FALSE,;FALSE,;;#VALOR!;13;19;25;#VALOR!;;#VALOR!;1
"EVT-KLMXVX1X,TRUE,TRUE,""16/05/2026, 14:34:56"",""16/05/2026, 14:35:21""";;EVT-KLMXVX1X;TRUE,;TRUE,;16/05/2026, 14:34:56;16/05/2026, 14:35:21;13;18;23;46;;;0
"EVT-KLRMG2RQ,TRUE,TRUE,""17/05/2026, 13:27:54"",""17/05/2026, 13:28:09""";;EVT-KLRMG2RQ;TRUE,;TRUE,;17/05/2026, 13:27:54;17/05/2026, 13:28:09;13;18;23;46;;;0
"EVT-KMWEUVGW,TRUE,TRUE,""14/05/2026, 11:51:17"",""17/05/2026, 14:30:37""";;EVT-KMWEUVGW;TRUE,;TRUE,;14/05/2026, 11:51:17;17/05/2026, 14:30:37;13;18;23;46;;;0
EVT-KOAUZTQ0,FALSE,FALSE,,;;EVT-KOAUZTQ0;FALSE,;FALSE,;;#VALOR!;13;19;25;#VALOR!;;#VALOR!;1
"EVT-KOUMM2MX,TRUE,TRUE,""14/05/2026, 17:25:26"",""15/05/2026, 14:23:25""";;EVT-KOUMM2MX;TRUE,;TRUE,;14/05/2026, 17:25:26;15/05/2026, 14:23:25;13;18;23;46;;;0
"EVT-KR8476HJ,TRUE,FALSE,""15/05/2026, 13:53:46"",";;EVT-KR8476HJ;TRUE,;FALSE,;15/05/2026, 13:53:46;;13;18;24;47;;EVT-KR8476HJ;0
"EVT-KXDER47P,TRUE,TRUE,""17/05/2026, 12:42:33"",""17/05/2026, 12:42:59""";;EVT-KXDER47P;TRUE,;TRUE,;17/05/2026, 12:42:33;17/05/2026, 12:42:59;13;18;23;46;;;0
EVT-L5VNESF2,FALSE,FALSE,,;;EVT-L5VNESF2;FALSE,;FALSE,;;#VALOR!;13;19;25;#VALOR!;;#VALOR!;1
"EVT-L8GYBQHJ,TRUE,TRUE,""14/05/2026, 17:52:36"",""15/05/2026, 13:40:20""";;EVT-L8GYBQHJ;TRUE,;TRUE,;14/05/2026, 17:52:36;15/05/2026, 13:40:20;13;18;23;46;;;0
EVT-LEC0CI6U,FALSE,FALSE,,;;EVT-LEC0CI6U;FALSE,;FALSE,;;#VALOR!;13;19;25;#VALOR!;;#VALOR!;1
EVT-LF8U21FU,FALSE,FALSE,,;;EVT-LF8U21FU;FALSE,;FALSE,;;#VALOR!;13;19;25;#VALOR!;;#VALOR!;1
EVT-LKY153OX,FALSE,FALSE,,;;EVT-LKY153OX;FALSE,;FALSE,;;#VALOR!;13;19;25;#VALOR!;;#VALOR!;1
EVT-LM2K7MQV,FALSE,FALSE,,;;EVT-LM2K7MQV;FALSE,;FALSE,;;#VALOR!;13;19;25;#VALOR!;;#VALOR!;1
EVT-LNY83V5A,FALSE,FALSE,,;;EVT-LNY83V5A;FALSE,;FALSE,;;#VALOR!;13;19;25;#VALOR!;;#VALOR!;1
"EVT-LXV0A6GS,TRUE,FALSE,""14/05/2026, 17:30:18"",";;EVT-LXV0A6GS;TRUE,;FALSE,;14/05/2026, 17:30:18;;13;18;24;47;;EVT-LXV0A6GS;0
"EVT-LZ8OGT8C,TRUE,TRUE,""15/05/2026, 13:09:04"",""15/05/2026, 13:09:34""";;EVT-LZ8OGT8C;TRUE,;TRUE,;15/05/2026, 13:09:04;15/05/2026, 13:09:34;13;18;23;46;;;0
EVT-M21I4VXX,FALSE,FALSE,,;;EVT-M21I4VXX;FALSE,;FALSE,;;#VALOR!;13;19;25;#VALOR!;;#VALOR!;1
"EVT-M3YBLAGH,TRUE,TRUE,""14/05/2026, 17:32:49"",""15/05/2026, 12:45:52""";;EVT-M3YBLAGH;TRUE,;TRUE,;14/05/2026, 17:32:49;15/05/2026, 12:45:52;13;18;23;46;;;0
"EVT-M5J0R3JK,TRUE,TRUE,""14/05/2026, 17:46:54"",""17/05/2026, 13:37:08""";;EVT-M5J0R3JK;TRUE,;TRUE,;14/05/2026, 17:46:54;17/05/2026, 13:37:08;13;18;23;46;;;0
"EVT-M5T1D560,TRUE,TRUE,""16/05/2026, 12:21:42"",""17/05/2026, 14:32:41""";;EVT-M5T1D560;TRUE,;TRUE,;16/05/2026, 12:21:42;17/05/2026, 14:32:41;13;18;23;46;;;0
"EVT-MGRRPXTA,TRUE,TRUE,""16/05/2026, 14:07:15"",""16/05/2026, 14:09:06""";;EVT-MGRRPXTA;TRUE,;TRUE,;16/05/2026, 14:07:15;16/05/2026, 14:09:06;13;18;23;46;;;0
"EVT-MJ5L892O,TRUE,TRUE,""17/05/2026, 13:43:10"",""17/05/2026, 13:43:32""";;EVT-MJ5L892O;TRUE,;TRUE,;17/05/2026, 13:43:10;17/05/2026, 13:43:32;13;18;23;46;;;0
"EVT-MJU7NK77,TRUE,TRUE,""14/05/2026, 11:50:53"",""17/05/2026, 14:31:00""";;EVT-MJU7NK77;TRUE,;TRUE,;14/05/2026, 11:50:53;17/05/2026, 14:31:00;13;18;23;46;;;0
EVT-MKGQ4FS9,FALSE,FALSE,,;;EVT-MKGQ4FS9;FALSE,;FALSE,;;#VALOR!;13;19;25;#VALOR!;;#VALOR!;1
"EVT-MLE0ZA6U,TRUE,TRUE,""14/05/2026, 11:53:57"",""15/05/2026, 12:30:14""";;EVT-MLE0ZA6U;TRUE,;TRUE,;14/05/2026, 11:53:57;15/05/2026, 12:30:14;13;18;23;46;;;0
"EVT-MLR9AVGL,TRUE,TRUE,""15/05/2026, 12:17:46"",""15/05/2026, 13:34:38""";;EVT-MLR9AVGL;TRUE,;TRUE,;15/05/2026, 12:17:46;15/05/2026, 13:34:38;13;18;23;46;;;0
"EVT-MM8YA1CZ,TRUE,TRUE,""15/05/2026, 12:16:06"",""17/05/2026, 12:41:55""";;EVT-MM8YA1CZ;TRUE,;TRUE,;15/05/2026, 12:16:06;17/05/2026, 12:41:55;13;18;23;46;;;0
EVT-MNB2PPQI,FALSE,FALSE,,;;EVT-MNB2PPQI;FALSE,;FALSE,;;#VALOR!;13;19;25;#VALOR!;;#VALOR!;1
"EVT-MRQXXXXC,TRUE,TRUE,""14/05/2026, 17:52:32"",""16/05/2026, 13:32:02""";;EVT-MRQXXXXC;TRUE,;TRUE,;14/05/2026, 17:52:32;16/05/2026, 13:32:02;13;18;23;46;;;0
EVT-MVESDD2G,FALSE,FALSE,,;;EVT-MVESDD2G;FALSE,;FALSE,;;#VALOR!;13;19;25;#VALOR!;;#VALOR!;1
EVT-N495AHP0,FALSE,FALSE,,;;EVT-N495AHP0;FALSE,;FALSE,;;#VALOR!;13;19;25;#VALOR!;;#VALOR!;1
EVT-N88255G1,FALSE,FALSE,,;;EVT-N88255G1;FALSE,;FALSE,;;#VALOR!;13;19;25;#VALOR!;;#VALOR!;1
"EVT-N8BUXRYM,TRUE,TRUE,""17/05/2026, 13:22:38"",""17/05/2026, 13:23:06""";;EVT-N8BUXRYM;TRUE,;TRUE,;17/05/2026, 13:22:38;17/05/2026, 13:23:06;13;18;23;46;;;0
EVT-NCYELBFR,FALSE,FALSE,,;;EVT-NCYELBFR;FALSE,;FALSE,;;#VALOR!;13;19;25;#VALOR!;;#VALOR!;1
"EVT-NEA3DSO1,TRUE,FALSE,""14/05/2026, 17:30:10"",";;EVT-NEA3DSO1;TRUE,;FALSE,;14/05/2026, 17:30:10;;13;18;24;47;;EVT-NEA3DSO1;0
"EVT-NFRSHKON,TRUE,TRUE,""14/05/2026, 17:51:09"",""16/05/2026, 13:46:04""";;EVT-NFRSHKON;TRUE,;TRUE,;14/05/2026, 17:51:09;16/05/2026, 13:46:04;13;18;23;46;;;0
"EVT-NG9DPGPV,TRUE,TRUE,""14/05/2026, 17:32:45"",""16/05/2026, 14:10:31""";;EVT-NG9DPGPV;TRUE,;TRUE,;14/05/2026, 17:32:45;16/05/2026, 14:10:31;13;18;23;46;;;0
"EVT-NGJ9BM14,TRUE,TRUE,""14/05/2026, 17:46:50"",""16/05/2026, 13:31:25""";;EVT-NGJ9BM14;TRUE,;TRUE,;14/05/2026, 17:46:50;16/05/2026, 13:31:25;13;18;23;46;;;0
"EVT-NP3K9E3D,TRUE,TRUE,""16/05/2026, 12:21:38"",""17/05/2026, 14:32:30""";;EVT-NP3K9E3D;TRUE,;TRUE,;16/05/2026, 12:21:38;17/05/2026, 14:32:30;13;18;23;46;;;0
EVT-NWM21TF7,FALSE,FALSE,,;;EVT-NWM21TF7;FALSE,;FALSE,;;#VALOR!;13;19;25;#VALOR!;;#VALOR!;1
"EVT-O0V38YYL,TRUE,TRUE,""16/05/2026, 14:07:30"",""16/05/2026, 14:09:00""";;EVT-O0V38YYL;TRUE,;TRUE,;16/05/2026, 14:07:30;16/05/2026, 14:09:00;13;18;23;46;;;0
"EVT-O175KPU8,TRUE,FALSE,""14/05/2026, 17:50:54"",";;EVT-O175KPU8;TRUE,;FALSE,;14/05/2026, 17:50:54;;13;18;24;47;;EVT-O175KPU8;0
EVT-O6431I3D,FALSE,FALSE,,;;EVT-O6431I3D;FALSE,;FALSE,;;#VALOR!;13;19;25;#VALOR!;;#VALOR!;1
"EVT-O7CLFEM8,TRUE,TRUE,""17/05/2026, 12:33:35"",""17/05/2026, 12:33:51""";;EVT-O7CLFEM8;TRUE,;TRUE,;17/05/2026, 12:33:35;17/05/2026, 12:33:51;13;18;23;46;;;0
"EVT-OEFFSL0W,TRUE,TRUE,""14/05/2026, 11:53:51"",""15/05/2026, 12:29:59""";;EVT-OEFFSL0W;TRUE,;TRUE,;14/05/2026, 11:53:51;15/05/2026, 12:29:59;13;18;23;46;;;0
"EVT-OI1VLWIK,TRUE,TRUE,""14/05/2026, 17:52:54"",""15/05/2026, 13:52:46""";;EVT-OI1VLWIK;TRUE,;TRUE,;14/05/2026, 17:52:54;15/05/2026, 13:52:46;13;18;23;46;;;0
"EVT-OLH0FC1P,TRUE,TRUE,""17/05/2026, 12:42:38"",""17/05/2026, 12:42:54""";;EVT-OLH0FC1P;TRUE,;TRUE,;17/05/2026, 12:42:38;17/05/2026, 12:42:54;13;18;23;46;;;0
EVT-OPHCB6XN,FALSE,FALSE,,;;EVT-OPHCB6XN;FALSE,;FALSE,;;#VALOR!;13;19;25;#VALOR!;;#VALOR!;1
"EVT-ORP6GZ8H,TRUE,TRUE,""14/05/2026, 17:52:29"",""16/05/2026, 13:32:17""";;EVT-ORP6GZ8H;TRUE,;TRUE,;14/05/2026, 17:52:29;16/05/2026, 13:32:17;13;18;23;46;;;0
EVT-OTWXZ1FJ,FALSE,FALSE,,;;EVT-OTWXZ1FJ;FALSE,;FALSE,;;#VALOR!;13;19;25;#VALOR!;;#VALOR!;1
"EVT-P1AAX0N3,TRUE,TRUE,""17/05/2026, 13:22:33"",""17/05/2026, 13:23:11""";;EVT-P1AAX0N3;TRUE,;TRUE,;17/05/2026, 13:22:33;17/05/2026, 13:23:11;13;18;23;46;;;0
EVT-P3FNCA61,FALSE,FALSE,,;;EVT-P3FNCA61;FALSE,;FALSE,;;#VALOR!;13;19;25;#VALOR!;;#VALOR!;1
EVT-P4CZH9MX,FALSE,FALSE,,;;EVT-P4CZH9MX;FALSE,;FALSE,;;#VALOR!;13;19;25;#VALOR!;;#VALOR!;1
EVT-P8OCZQ1I,FALSE,FALSE,,;;EVT-P8OCZQ1I;FALSE,;FALSE,;;#VALOR!;13;19;25;#VALOR!;;#VALOR!;1
"EVT-P98CR2SJ,TRUE,FALSE,""14/05/2026, 17:30:06"",";;EVT-P98CR2SJ;TRUE,;FALSE,;14/05/2026, 17:30:06;;13;18;24;47;;EVT-P98CR2SJ;0
"EVT-PBAUI2HR,TRUE,TRUE,""14/05/2026, 17:51:06"",""16/05/2026, 13:57:46""";;EVT-PBAUI2HR;TRUE,;TRUE,;14/05/2026, 17:51:06;16/05/2026, 13:57:46;13;18;23;46;;;0
"EVT-PCNT5G27,TRUE,TRUE,""14/05/2026, 17:32:41"",""17/05/2026, 12:01:19""";;EVT-PCNT5G27;TRUE,;TRUE,;14/05/2026, 17:32:41;17/05/2026, 12:01:19;13;18;23;46;;;0
"EVT-PCZOSSSN,TRUE,TRUE,""14/05/2026, 17:46:46"",""16/05/2026, 13:31:19""";;EVT-PCZOSSSN;TRUE,;TRUE,;14/05/2026, 17:46:46;16/05/2026, 13:31:19;13;18;23;46;;;0
"EVT-PDWLYJO4,TRUE,TRUE,""16/05/2026, 12:21:33"",""17/05/2026, 14:32:25""";;EVT-PDWLYJO4;TRUE,;TRUE,;16/05/2026, 12:21:33;17/05/2026, 14:32:25;13;18;23;46;;;0
EVT-PHY8Q7QD,FALSE,FALSE,,;;EVT-PHY8Q7QD;FALSE,;FALSE,;;#VALOR!;13;19;25;#VALOR!;;#VALOR!;1
"EVT-PJIPQQLR,TRUE,TRUE,""16/05/2026, 14:34:41"",""16/05/2026, 14:35:35""";;EVT-PJIPQQLR;TRUE,;TRUE,;16/05/2026, 14:34:41;16/05/2026, 14:35:35;13;18;23;46;;;0
"EVT-PK8OYS0S,TRUE,TRUE,""17/05/2026, 12:33:28"",""17/05/2026, 12:33:56""";;EVT-PK8OYS0S;TRUE,;TRUE,;17/05/2026, 12:33:28;17/05/2026, 12:33:56;13;18;23;46;;;0
"EVT-PL3E2LOO,TRUE,FALSE,""14/05/2026, 17:50:50"",";;EVT-PL3E2LOO;TRUE,;FALSE,;14/05/2026, 17:50:50;;13;18;24;47;;EVT-PL3E2LOO;0
EVT-PM3RRTC1,FALSE,FALSE,,;;EVT-PM3RRTC1;FALSE,;FALSE,;;#VALOR!;13;19;25;#VALOR!;;#VALOR!;1
"EVT-PSIDO5YG,TRUE,TRUE,""14/05/2026, 11:53:45"",""15/05/2026, 12:39:48""";;EVT-PSIDO5YG;TRUE,;TRUE,;14/05/2026, 11:53:45;15/05/2026, 12:39:48;13;18;23;46;;;0
"EVT-PUBPW173,TRUE,TRUE,""14/05/2026, 17:52:51"",""15/05/2026, 13:52:57""";;EVT-PUBPW173;TRUE,;TRUE,;14/05/2026, 17:52:51;15/05/2026, 13:52:57;13;18;23;46;;;0
"EVT-PUDS5RC7,TRUE,TRUE,""15/05/2026, 12:16:02"",""17/05/2026, 12:42:05""";;EVT-PUDS5RC7;TRUE,;TRUE,;15/05/2026, 12:16:02;17/05/2026, 12:42:05;13;18;23;46;;;0
EVT-PUR7MTDU,FALSE,FALSE,,;;EVT-PUR7MTDU;FALSE,;FALSE,;;#VALOR!;13;19;25;#VALOR!;;#VALOR!;1
"EVT-PVFSRG50,TRUE,TRUE,""14/05/2026, 17:52:25"",""16/05/2026, 13:30:15""";;EVT-PVFSRG50;TRUE,;TRUE,;14/05/2026, 17:52:25;16/05/2026, 13:30:15;13;18;23;46;;;0
EVT-PXA5B0IM,FALSE,FALSE,,;;EVT-PXA5B0IM;FALSE,;FALSE,;;#VALOR!;13;19;25;#VALOR!;;#VALOR!;1
EVT-PY36H87U,FALSE,FALSE,,;;EVT-PY36H87U;FALSE,;FALSE,;;#VALOR!;13;19;25;#VALOR!;;#VALOR!;1
EVT-PZZZFJCG,FALSE,FALSE,,;;EVT-PZZZFJCG;FALSE,;FALSE,;;#VALOR!;13;19;25;#VALOR!;;#VALOR!;1
EVT-Q0P5O3PV,FALSE,FALSE,,;;EVT-Q0P5O3PV;FALSE,;FALSE,;;#VALOR!;13;19;25;#VALOR!;;#VALOR!;1
EVT-Q3FQR1PM,FALSE,FALSE,,;;EVT-Q3FQR1PM;FALSE,;FALSE,;;#VALOR!;13;19;25;#VALOR!;;#VALOR!;1
"EVT-Q43FKZMR,TRUE,TRUE,""14/05/2026, 17:51:02"",""16/05/2026, 13:57:52""";;EVT-Q43FKZMR;TRUE,;TRUE,;14/05/2026, 17:51:02;16/05/2026, 13:57:52;13;18;23;46;;;0
"EVT-Q5CEVB9M,TRUE,FALSE,""14/05/2026, 17:30:01"",";;EVT-Q5CEVB9M;TRUE,;FALSE,;14/05/2026, 17:30:01;;13;18;24;47;;EVT-Q5CEVB9M;0
"EVT-QB5VVAF7,TRUE,TRUE,""14/05/2026, 17:32:37"",""15/05/2026, 21:09:45""";;EVT-QB5VVAF7;TRUE,;TRUE,;14/05/2026, 17:32:37;15/05/2026, 21:09:45;13;18;23;46;;;0
"EVT-QBN1IJXS,TRUE,TRUE,""14/05/2026, 17:46:36"",""15/05/2026, 15:00:11""";;EVT-QBN1IJXS;TRUE,;TRUE,;14/05/2026, 17:46:36;15/05/2026, 15:00:11;13;18;23;46;;;0
"EVT-QCDZJJOY,TRUE,TRUE,""16/05/2026, 12:21:27"",""16/05/2026, 13:29:30""";;EVT-QCDZJJOY;TRUE,;TRUE,;16/05/2026, 12:21:27;16/05/2026, 13:29:30;13;18;23;46;;;0
EVT-QCU270F4,FALSE,FALSE,,;;EVT-QCU270F4;FALSE,;FALSE,;;#VALOR!;13;19;25;#VALOR!;;#VALOR!;1
"EVT-QEIJWR8T,TRUE,TRUE,""17/05/2026, 14:27:29"",""17/05/2026, 14:27:34""";;EVT-QEIJWR8T;TRUE,;TRUE,;17/05/2026, 14:27:29;17/05/2026, 14:27:34;13;18;23;46;;;0
"EVT-QFTXATY8,TRUE,TRUE,""17/05/2026, 12:33:17"",""17/05/2026, 12:34:01""";;EVT-QFTXATY8;TRUE,;TRUE,;17/05/2026, 12:33:17;17/05/2026, 12:34:01;13;18;23;46;;;0
"EVT-QI8Y7YPP,TRUE,TRUE,""14/05/2026, 17:50:47"",""16/05/2026, 20:04:34""";;EVT-QI8Y7YPP;TRUE,;TRUE,;14/05/2026, 17:50:47;16/05/2026, 20:04:34;13;18;23;46;;;0
"EVT-QIP9K3BB,TRUE,TRUE,""15/05/2026, 11:52:04"",""16/05/2026, 20:30:22""";;EVT-QIP9K3BB;TRUE,;TRUE,;15/05/2026, 11:52:04;16/05/2026, 20:30:22;13;18;23;46;;;0
"EVT-QJMVTYYY,TRUE,TRUE,""14/05/2026, 11:53:40"",""15/05/2026, 12:39:43""";;EVT-QJMVTYYY;TRUE,;TRUE,;14/05/2026, 11:53:40;15/05/2026, 12:39:43;13;18;23;46;;;0
"EVT-QJWPJ727,TRUE,TRUE,""14/05/2026, 17:52:48"",""15/05/2026, 13:52:51""";;EVT-QJWPJ727;TRUE,;TRUE,;14/05/2026, 17:52:48;15/05/2026, 13:52:51;13;18;23;46;;;0
"EVT-QL4L53HE,TRUE,TRUE,""17/05/2026, 12:42:27"",""17/05/2026, 12:43:04""";;EVT-QL4L53HE;TRUE,;TRUE,;17/05/2026, 12:42:27;17/05/2026, 12:43:04;13;18;23;46;;;0
EVT-QMB6W4ZO,FALSE,FALSE,,;;EVT-QMB6W4ZO;FALSE,;FALSE,;;#VALOR!;13;19;25;#VALOR!;;#VALOR!;1
"EVT-QRIPLQ3P,TRUE,TRUE,""14/05/2026, 17:52:21"",""16/05/2026, 13:30:20""";;EVT-QRIPLQ3P;TRUE,;TRUE,;14/05/2026, 17:52:21;16/05/2026, 13:30:20;13;18;23;46;;;0
"EVT-QS5JVCHI,TRUE,TRUE,""15/05/2026, 13:06:39"",""15/05/2026, 13:33:35""";;EVT-QS5JVCHI;TRUE,;TRUE,;15/05/2026, 13:06:39;15/05/2026, 13:33:35;13;18;23;46;;;0
EVT-QV9MHO2T,FALSE,FALSE,,;;EVT-QV9MHO2T;FALSE,;FALSE,;;#VALOR!;13;19;25;#VALOR!;;#VALOR!;1
"EVT-R50MFU46,TRUE,FALSE,""14/05/2026, 17:29:55"",";;EVT-R50MFU46;TRUE,;FALSE,;14/05/2026, 17:29:55;;13;18;24;47;;EVT-R50MFU46;0
EVT-R5FGU4RV,FALSE,FALSE,,;;EVT-R5FGU4RV;FALSE,;FALSE,;;#VALOR!;13;19;25;#VALOR!;;#VALOR!;1
"EVT-R65F5FLE,TRUE,TRUE,""14/05/2026, 17:50:57"",""16/05/2026, 13:54:04""";;EVT-R65F5FLE;TRUE,;TRUE,;14/05/2026, 17:50:57;16/05/2026, 13:54:04;13;18;23;46;;;0
EVT-R7RBGP8H,FALSE,FALSE,,;;EVT-R7RBGP8H;FALSE,;FALSE,;;#VALOR!;13;19;25;#VALOR!;;#VALOR!;1
EVT-R7WU50I3,FALSE,FALSE,,;;EVT-R7WU50I3;FALSE,;FALSE,;;#VALOR!;13;19;25;#VALOR!;;#VALOR!;1
"EVT-RCDJSL0M,TRUE,TRUE,""14/05/2026, 17:32:33"",""15/05/2026, 21:10:43""";;EVT-RCDJSL0M;TRUE,;TRUE,;14/05/2026, 17:32:33;15/05/2026, 21:10:43;13;18;23;46;;;0
"EVT-REC2NYL9,TRUE,TRUE,""14/05/2026, 17:42:42"",""16/05/2026, 14:08:53""";;EVT-REC2NYL9;TRUE,;TRUE,;14/05/2026, 17:42:42;16/05/2026, 14:08:53;13;18;23;46;;;0
"EVT-RGWZMWZZ,TRUE,TRUE,""16/05/2026, 12:21:21"",""16/05/2026, 13:29:37""";;EVT-RGWZMWZZ;TRUE,;TRUE,;16/05/2026, 12:21:21;16/05/2026, 13:29:37;13;18;23;46;;;0
EVT-RI4DIQ9U,FALSE,FALSE,,;;EVT-RI4DIQ9U;FALSE,;FALSE,;;#VALOR!;13;19;25;#VALOR!;;#VALOR!;1
"EVT-RKFO4TI4,TRUE,TRUE,""17/05/2026, 14:27:26"",""17/05/2026, 14:27:39""";;EVT-RKFO4TI4;TRUE,;TRUE,;17/05/2026, 14:27:26;17/05/2026, 14:27:39;13;18;23;46;;;0
"EVT-RPXMNQ1M,TRUE,TRUE,""17/05/2026, 12:33:11"",""17/05/2026, 12:34:06""";;EVT-RPXMNQ1M;TRUE,;TRUE,;17/05/2026, 12:33:11;17/05/2026, 12:34:06;13;18;23;46;;;0
"EVT-RQFTZIGJ,TRUE,TRUE,""14/05/2026, 17:50:44"",""16/05/2026, 20:25:42""";;EVT-RQFTZIGJ;TRUE,;TRUE,;14/05/2026, 17:50:44;16/05/2026, 20:25:42;13;18;23;46;;;0
"EVT-RR6HM85L,TRUE,TRUE,""15/05/2026, 11:52:01"",""16/05/2026, 13:36:40""";;EVT-RR6HM85L;TRUE,;TRUE,;15/05/2026, 11:52:01;16/05/2026, 13:36:40;13;18;23;46;;;0
"EVT-RSVYL8AX,TRUE,TRUE,""14/05/2026, 11:53:35"",""16/05/2026, 13:30:05""";;EVT-RSVYL8AX;TRUE,;TRUE,;14/05/2026, 11:53:35;16/05/2026, 13:30:05;13;18;23;46;;;0
"EVT-RTQIRZS5,TRUE,TRUE,""14/05/2026, 17:29:24"",""17/05/2026, 13:54:18""";;EVT-RTQIRZS5;TRUE,;TRUE,;14/05/2026, 17:29:24;17/05/2026, 13:54:18;13;18;23;46;;;0
"EVT-RVJZXG7R,TRUE,TRUE,""15/05/2026, 12:15:59"",""17/05/2026, 12:41:50""";;EVT-RVJZXG7R;TRUE,;TRUE,;15/05/2026, 12:15:59;17/05/2026, 12:41:50;13;18;23;46;;;0
EVT-RVP9B7BA,FALSE,FALSE,,;;EVT-RVP9B7BA;FALSE,;FALSE,;;#VALOR!;13;19;25;#VALOR!;;#VALOR!;1
"EVT-RW2QSDEJ,TRUE,TRUE,""14/05/2026, 17:52:18"",""16/05/2026, 14:23:53""";;EVT-RW2QSDEJ;TRUE,;TRUE,;14/05/2026, 17:52:18;16/05/2026, 14:23:53;13;18;23;46;;;0
"EVT-RWCHN3YM,TRUE,TRUE,""15/05/2026, 12:16:28"",""15/05/2026, 14:59:46""";;EVT-RWCHN3YM;TRUE,;TRUE,;15/05/2026, 12:16:28;15/05/2026, 14:59:46;13;18;23;46;;;0
EVT-RWJGQCIL,FALSE,FALSE,,;;EVT-RWJGQCIL;FALSE,;FALSE,;;#VALOR!;13;19;25;#VALOR!;;#VALOR!;1
EVT-RYGB8C2V,FALSE,FALSE,,;;EVT-RYGB8C2V;FALSE,;FALSE,;;#VALOR!;13;19;25;#VALOR!;;#VALOR!;1
EVT-RZ2CLRKY,FALSE,FALSE,,;;EVT-RZ2CLRKY;FALSE,;FALSE,;;#VALOR!;13;19;25;#VALOR!;;#VALOR!;1
"EVT-S13JLKIZ,TRUE,TRUE,""14/05/2026, 17:48:16"",""16/05/2026, 20:04:23""";;EVT-S13JLKIZ;TRUE,;TRUE,;14/05/2026, 17:48:16;16/05/2026, 20:04:23;13;18;23;46;;;0
EVT-S1EJCE2Q,FALSE,FALSE,,;;EVT-S1EJCE2Q;FALSE,;FALSE,;;#VALOR!;13;19;25;#VALOR!;;#VALOR!;1
"EVT-S3I65B70,TRUE,FALSE,""14/05/2026, 17:29:50"",";;EVT-S3I65B70;TRUE,;FALSE,;14/05/2026, 17:29:50;;13;18;24;47;;EVT-S3I65B70;0
"EVT-SEOB4WH8,TRUE,TRUE,""14/05/2026, 17:32:29"",""15/05/2026, 21:10:19""";;EVT-SEOB4WH8;TRUE,;TRUE,;14/05/2026, 17:32:29;15/05/2026, 21:10:19;13;18;23;46;;;0
"EVT-SFIQ4W73,TRUE,TRUE,""14/05/2026, 17:42:39"",""15/05/2026, 13:25:05""";;EVT-SFIQ4W73;TRUE,;TRUE,;14/05/2026, 17:42:39;15/05/2026, 13:25:05;13;18;23;46;;;0
"EVT-SLJBFV2S,TRUE,TRUE,""16/05/2026, 12:21:16"",""16/05/2026, 13:29:42""";;EVT-SLJBFV2S;TRUE,;TRUE,;16/05/2026, 12:21:16;16/05/2026, 13:29:42;13;18;23;46;;;0
EVT-SME8ALK9,FALSE,FALSE,,;;EVT-SME8ALK9;FALSE,;FALSE,;;#VALOR!;13;19;25;#VALOR!;;#VALOR!;1
EVT-SSJ09X4H,FALSE,FALSE,,;;EVT-SSJ09X4H;FALSE,;FALSE,;;#VALOR!;13;19;25;#VALOR!;;#VALOR!;1
EVT-SV0IS1XS,FALSE,FALSE,,;;EVT-SV0IS1XS;FALSE,;FALSE,;;#VALOR!;13;19;25;#VALOR!;;#VALOR!;1
"EVT-SVBCW6PT,TRUE,TRUE,""14/05/2026, 17:50:41"",""16/05/2026, 20:04:40""";;EVT-SVBCW6PT;TRUE,;TRUE,;14/05/2026, 17:50:41;16/05/2026, 20:04:40;13;18;23;46;;;0
EVT-SX7K8KVW,FALSE,FALSE,,;;EVT-SX7K8KVW;FALSE,;FALSE,;;#VALOR!;13;19;25;#VALOR!;;#VALOR!;1
"EVT-SYA9QNPF,TRUE,TRUE,""14/05/2026, 11:53:29"",""15/05/2026, 12:30:21""";;EVT-SYA9QNPF;TRUE,;TRUE,;14/05/2026, 11:53:29;15/05/2026, 12:30:21;13;18;23;46;;;0
"EVT-T6FMF14V,TRUE,FALSE,""14/05/2026, 17:29:12"",";;EVT-T6FMF14V;TRUE,;FALSE,;14/05/2026, 17:29:12;;13;18;24;47;;EVT-T6FMF14V;0
"EVT-T7JZQHG6,TRUE,TRUE,""15/05/2026, 15:01:10"",""15/05/2026, 15:01:34""";;EVT-T7JZQHG6;TRUE,;TRUE,;15/05/2026, 15:01:10;15/05/2026, 15:01:34;13;18;23;46;;;0
EVT-T82Z3XKH,FALSE,FALSE,,;;EVT-T82Z3XKH;FALSE,;FALSE,;;#VALOR!;13;19;25;#VALOR!;;#VALOR!;1
"EVT-TAGVBBBE,TRUE,TRUE,""14/05/2026, 17:52:14"",""16/05/2026, 13:31:50""";;EVT-TAGVBBBE;TRUE,;TRUE,;14/05/2026, 17:52:14;16/05/2026, 13:31:50;13;18;23;46;;;0
"EVT-TDGD3BLJ,TRUE,TRUE,""15/05/2026, 14:15:21"",""15/05/2026, 14:16:18""";;EVT-TDGD3BLJ;TRUE,;TRUE,;15/05/2026, 14:15:21;15/05/2026, 14:16:18;13;18;23;46;;;0
EVT-TL67BU78,FALSE,FALSE,,;;EVT-TL67BU78;FALSE,;FALSE,;;#VALOR!;13;19;25;#VALOR!;;#VALOR!;1
EVT-TL9Q18FQ,FALSE,FALSE,,;;EVT-TL9Q18FQ;FALSE,;FALSE,;;#VALOR!;13;19;25;#VALOR!;;#VALOR!;1
EVT-TPY0MF49,FALSE,FALSE,,;;EVT-TPY0MF49;FALSE,;FALSE,;;#VALOR!;13;19;25;#VALOR!;;#VALOR!;1
EVT-TY3V03P1,FALSE,FALSE,,;;EVT-TY3V03P1;FALSE,;FALSE,;;#VALOR!;13;19;25;#VALOR!;;#VALOR!;1
"EVT-TZDA97QY,TRUE,FALSE,""14/05/2026, 17:29:42"",";;EVT-TZDA97QY;TRUE,;FALSE,;14/05/2026, 17:29:42;;13;18;24;47;;EVT-TZDA97QY;0
"EVT-U3RN51VU,TRUE,TRUE,""14/05/2026, 17:48:13"",""16/05/2026, 20:04:53""";;EVT-U3RN51VU;TRUE,;TRUE,;14/05/2026, 17:48:13;16/05/2026, 20:04:53;13;18;23;46;;;0
"EVT-U6XTWG7T,TRUE,TRUE,""14/05/2026, 17:32:25"",""15/05/2026, 21:09:51""";;EVT-U6XTWG7T;TRUE,;TRUE,;14/05/2026, 17:32:25;15/05/2026, 21:09:51;13;18;23;46;;;0
"EVT-UEZTEWAK,TRUE,TRUE,""14/05/2026, 17:42:36"",""15/05/2026, 13:25:11""";;EVT-UEZTEWAK;TRUE,;TRUE,;14/05/2026, 17:42:36;15/05/2026, 13:25:11;13;18;23;46;;;0
"EVT-UONJ2SL6,TRUE,TRUE,""16/05/2026, 12:21:10"",""16/05/2026, 13:29:47""";;EVT-UONJ2SL6;TRUE,;TRUE,;16/05/2026, 12:21:10;16/05/2026, 13:29:47;13;18;23;46;;;0
EVT-UQHHE7XQ,FALSE,FALSE,,;;EVT-UQHHE7XQ;FALSE,;FALSE,;;#VALOR!;13;19;25;#VALOR!;;#VALOR!;1
EVT-UYAVK2A0,FALSE,FALSE,,;;EVT-UYAVK2A0;FALSE,;FALSE,;;#VALOR!;13;19;25;#VALOR!;;#VALOR!;1
EVT-UZDXOQI4,FALSE,FALSE,,;;EVT-UZDXOQI4;FALSE,;FALSE,;;#VALOR!;13;19;25;#VALOR!;;#VALOR!;1
"EVT-V1ESAPXX,TRUE,TRUE,""14/05/2026, 17:50:38"",""16/05/2026, 20:05:00""";;EVT-V1ESAPXX;TRUE,;TRUE,;14/05/2026, 17:50:38;16/05/2026, 20:05:00;13;18;23;46;;;0
EVT-V4MJTVMG,FALSE,FALSE,,;;EVT-V4MJTVMG;FALSE,;FALSE,;;#VALOR!;13;19;25;#VALOR!;;#VALOR!;1
"EVT-V4YH4YOC,TRUE,TRUE,""14/05/2026, 11:53:23"",""15/05/2026, 12:47:58""";;EVT-V4YH4YOC;TRUE,;TRUE,;14/05/2026, 11:53:23;15/05/2026, 12:47:58;13;18;23;46;;;0
"EVT-V6E6NDNN,TRUE,FALSE,""14/05/2026, 17:29:06"",";;EVT-V6E6NDNN;TRUE,;FALSE,;14/05/2026, 17:29:06;;13;18;24;47;;EVT-V6E6NDNN;0
"EVT-V6ZGH7PG,TRUE,TRUE,""15/05/2026, 12:15:55"",""15/05/2026, 14:59:40""";;EVT-V6ZGH7PG;TRUE,;TRUE,;15/05/2026, 12:15:55;15/05/2026, 14:59:40;13;18;23;46;;;0
EVT-V7ADGWA9,FALSE,FALSE,,;;EVT-V7ADGWA9;FALSE,;FALSE,;;#VALOR!;13;19;25;#VALOR!;;#VALOR!;1
"EVT-V7AJR2P6,TRUE,TRUE,""14/05/2026, 17:52:11"",""16/05/2026, 13:32:22""";;EVT-V7AJR2P6;TRUE,;TRUE,;14/05/2026, 17:52:11;16/05/2026, 13:32:22;13;18;23;46;;;0
"EVT-V9JJRX15,TRUE,TRUE,""15/05/2026, 12:16:24"",""15/05/2026, 14:14:16""";;EVT-V9JJRX15;TRUE,;TRUE,;15/05/2026, 12:16:24;15/05/2026, 14:14:16;13;18;23;46;;;0
EVT-VAZRCJBH,FALSE,FALSE,,;;EVT-VAZRCJBH;FALSE,;FALSE,;;#VALOR!;13;19;25;#VALOR!;;#VALOR!;1
EVT-VCCTTK9R,FALSE,FALSE,,;;EVT-VCCTTK9R;FALSE,;FALSE,;;#VALOR!;13;19;25;#VALOR!;;#VALOR!;1
EVT-VDVMOYC1,FALSE,FALSE,,;;EVT-VDVMOYC1;FALSE,;FALSE,;;#VALOR!;13;19;25;#VALOR!;;#VALOR!;1
EVT-VF8MFBZM,FALSE,FALSE,,;;EVT-VF8MFBZM;FALSE,;FALSE,;;#VALOR!;13;19;25;#VALOR!;;#VALOR!;1
"EVT-VIWDQI4F,TRUE,FALSE,""14/05/2026, 17:29:36"",";;EVT-VIWDQI4F;TRUE,;FALSE,;14/05/2026, 17:29:36;;13;18;24;47;;EVT-VIWDQI4F;0
"EVT-VJMPTVTE,TRUE,TRUE,""14/05/2026, 17:48:09"",""16/05/2026, 20:26:35""";;EVT-VJMPTVTE;TRUE,;TRUE,;14/05/2026, 17:48:09;16/05/2026, 20:26:35;13;18;23;46;;;0
"EVT-VKIHLDG6,TRUE,FALSE,""14/05/2026, 17:32:20"",";;EVT-VKIHLDG6;TRUE,;FALSE,;14/05/2026, 17:32:20;;13;18;24;47;;EVT-VKIHLDG6;0
"EVT-VKT4Q8L8,TRUE,TRUE,""14/05/2026, 17:42:32"",""15/05/2026, 13:25:18""";;EVT-VKT4Q8L8;TRUE,;TRUE,;14/05/2026, 17:42:32;15/05/2026, 13:25:18;13;18;23;46;;;0
"EVT-VMCTKHNJ,TRUE,TRUE,""16/05/2026, 12:21:04"",""16/05/2026, 13:29:53""";;EVT-VMCTKHNJ;TRUE,;TRUE,;16/05/2026, 12:21:04;16/05/2026, 13:29:53;13;18;23;46;;;0
EVT-VSJGPOIH,FALSE,FALSE,,;;EVT-VSJGPOIH;FALSE,;FALSE,;;#VALOR!;13;19;25;#VALOR!;;#VALOR!;1
EVT-VTXF9MXJ,FALSE,FALSE,,;;EVT-VTXF9MXJ;FALSE,;FALSE,;;#VALOR!;13;19;25;#VALOR!;;#VALOR!;1
EVT-VUT2MD14,FALSE,FALSE,,;;EVT-VUT2MD14;FALSE,;FALSE,;;#VALOR!;13;19;25;#VALOR!;;#VALOR!;1
"EVT-VUXSCCRC,TRUE,TRUE,""14/05/2026, 17:50:35"",""17/05/2026, 13:23:01""";;EVT-VUXSCCRC;TRUE,;TRUE,;14/05/2026, 17:50:35;17/05/2026, 13:23:01;13;18;23;46;;;0
"EVT-W1KBU59Y,TRUE,TRUE,""15/05/2026, 11:52:45"",""15/05/2026, 12:30:33""";;EVT-W1KBU59Y;TRUE,;TRUE,;15/05/2026, 11:52:45;15/05/2026, 12:30:33;13;18;23;46;;;0
"EVT-W2JRKHR6,TRUE,TRUE,""14/05/2026, 11:53:17"",""17/05/2026, 14:37:09""";;EVT-W2JRKHR6;TRUE,;TRUE,;14/05/2026, 11:53:17;17/05/2026, 14:37:09;13;18;23;46;;;0
"EVT-W486VB0T,TRUE,TRUE,""14/05/2026, 17:52:07"",""16/05/2026, 13:41:31""";;EVT-W486VB0T;TRUE,;TRUE,;14/05/2026, 17:52:07;16/05/2026, 13:41:31;13;18;23;46;;;0
"EVT-W4BDDM7W,TRUE,TRUE,""14/05/2026, 17:29:03"",""17/05/2026, 12:34:12""";;EVT-W4BDDM7W;TRUE,;TRUE,;14/05/2026, 17:29:03;17/05/2026, 12:34:12;13;18;23;46;;;0
"EVT-W8T5XVW7,TRUE,TRUE,""15/05/2026, 12:15:52"",""15/05/2026, 14:59:52""";;EVT-W8T5XVW7;TRUE,;TRUE,;15/05/2026, 12:15:52;15/05/2026, 14:59:52;13;18;23;46;;;0
EVT-W9VPBUUC,FALSE,FALSE,,;;EVT-W9VPBUUC;FALSE,;FALSE,;;#VALOR!;13;19;25;#VALOR!;;#VALOR!;1
"EVT-WAHWO5KS,TRUE,TRUE,""15/05/2026, 14:15:39"",""15/05/2026, 14:16:00""";;EVT-WAHWO5KS;TRUE,;TRUE,;15/05/2026, 14:15:39;15/05/2026, 14:16:00;13;18;23;46;;;0
EVT-WELC853D,FALSE,FALSE,,;;EVT-WELC853D;FALSE,;FALSE,;;#VALOR!;13;19;25;#VALOR!;;#VALOR!;1
EVT-WFNUG4RK,FALSE,FALSE,,;;EVT-WFNUG4RK;FALSE,;FALSE,;;#VALOR!;13;19;25;#VALOR!;;#VALOR!;1
EVT-WGO7F049,FALSE,FALSE,,;;EVT-WGO7F049;FALSE,;FALSE,;;#VALOR!;13;19;25;#VALOR!;;#VALOR!;1
EVT-WIBD8BQC,FALSE,FALSE,,;;EVT-WIBD8BQC;FALSE,;FALSE,;;#VALOR!;13;19;25;#VALOR!;;#VALOR!;1
"EVT-WIS9MK5T,TRUE,FALSE,""14/05/2026, 17:29:32"",";;EVT-WIS9MK5T;TRUE,;FALSE,;14/05/2026, 17:29:32;;13;18;24;47;;EVT-WIS9MK5T;0
"EVT-WIVIGPY8,TRUE,TRUE,""14/05/2026, 17:48:06"",""16/05/2026, 20:25:35""";;EVT-WIVIGPY8;TRUE,;TRUE,;14/05/2026, 17:48:06;16/05/2026, 20:25:35;13;18;23;46;;;0
"EVT-WKQD7ET8,TRUE,TRUE,""14/05/2026, 17:32:16"",""17/05/2026, 12:01:24""";;EVT-WKQD7ET8;TRUE,;TRUE,;14/05/2026, 17:32:16;17/05/2026, 12:01:24;13;18;23;46;;;0
"EVT-WLSI65M9,TRUE,TRUE,""14/05/2026, 17:42:28"",""16/05/2026, 14:08:39""";;EVT-WLSI65M9;TRUE,;TRUE,;14/05/2026, 17:42:28;16/05/2026, 14:08:39;13;18;23;46;;;0
"EVT-WLXPMJ28,TRUE,TRUE,""16/05/2026, 12:20:56"",""16/05/2026, 13:30:00""";;EVT-WLXPMJ28;TRUE,;TRUE,;16/05/2026, 12:20:56;16/05/2026, 13:30:00;13;18;23;46;;;0
EVT-WM5RC1CW,FALSE,FALSE,,;;EVT-WM5RC1CW;FALSE,;FALSE,;;#VALOR!;13;19;25;#VALOR!;;#VALOR!;1
"EVT-WOD9DRH6,TRUE,TRUE,""17/05/2026, 12:55:19"",""17/05/2026, 12:55:28""";;EVT-WOD9DRH6;TRUE,;TRUE,;17/05/2026, 12:55:19;17/05/2026, 12:55:28;13;18;23;46;;;0
EVT-WOYUWSAZ,FALSE,FALSE,,;;EVT-WOYUWSAZ;FALSE,;FALSE,;;#VALOR!;13;19;25;#VALOR!;;#VALOR!;1
"EVT-WPNQ8J5B,TRUE,FALSE,""14/05/2026, 17:50:31"",";;EVT-WPNQ8J5B;TRUE,;FALSE,;14/05/2026, 17:50:31;;13;18;24;47;;EVT-WPNQ8J5B;0
"EVT-WPQ1D5V9,TRUE,TRUE,""15/05/2026, 11:52:42"",""15/05/2026, 12:30:38""";;EVT-WPQ1D5V9;TRUE,;TRUE,;15/05/2026, 11:52:42;15/05/2026, 12:30:38;13;18;23;46;;;0
"EVT-WQW205QB,TRUE,TRUE,""14/05/2026, 11:53:12"",""17/05/2026, 14:30:27""";;EVT-WQW205QB;TRUE,;TRUE,;14/05/2026, 11:53:12;17/05/2026, 14:30:27;13;18;23;46;;;0
"EVT-WTNVJCPM,TRUE,TRUE,""14/05/2026, 17:28:52"",""17/05/2026, 12:05:08""";;EVT-WTNVJCPM;TRUE,;TRUE,;14/05/2026, 17:28:52;17/05/2026, 12:05:08;13;18;23;46;;;0
EVT-WU05JKCD,FALSE,FALSE,,;;EVT-WU05JKCD;FALSE,;FALSE,;;#VALOR!;13;19;25;#VALOR!;;#VALOR!;1
EVT-WVBZ1RBQ,FALSE,FALSE,,;;EVT-WVBZ1RBQ;FALSE,;FALSE,;;#VALOR!;13;19;25;#VALOR!;;#VALOR!;1
"EVT-WX1NVQXC,TRUE,TRUE,""14/05/2026, 17:52:03"",""16/05/2026, 13:37:44""";;EVT-WX1NVQXC;TRUE,;TRUE,;14/05/2026, 17:52:03;16/05/2026, 13:37:44;13;18;23;46;;;0
"EVT-X10X9A25,TRUE,TRUE,""17/05/2026, 13:43:14"",""17/05/2026, 13:43:27""";;EVT-X10X9A25;TRUE,;TRUE,;17/05/2026, 13:43:14;17/05/2026, 13:43:27;13;18;23;46;;;0
EVT-X638FJBU,FALSE,FALSE,,;;EVT-X638FJBU;FALSE,;FALSE,;;#VALOR!;13;19;25;#VALOR!;;#VALOR!;1
"EVT-X7L9OZX3,TRUE,TRUE,""15/05/2026, 14:15:36"",""15/05/2026, 14:16:05""";;EVT-X7L9OZX3;TRUE,;TRUE,;15/05/2026, 14:15:36;15/05/2026, 14:16:05;13;18;23;46;;;0
EVT-X8WD2UMV,FALSE,FALSE,,;;EVT-X8WD2UMV;FALSE,;FALSE,;;#VALOR!;13;19;25;#VALOR!;;#VALOR!;1
EVT-XHKC6VWN,FALSE,FALSE,,;;EVT-XHKC6VWN;FALSE,;FALSE,;;#VALOR!;13;19;25;#VALOR!;;#VALOR!;1
"EVT-XQQ63AG2,TRUE,FALSE,""14/05/2026, 17:29:28"",";;EVT-XQQ63AG2;TRUE,;FALSE,;14/05/2026, 17:29:28;;13;18;24;47;;EVT-XQQ63AG2;0
"EVT-XRXEMSVR,TRUE,TRUE,""14/05/2026, 17:48:01"",""16/05/2026, 20:05:09""";;EVT-XRXEMSVR;TRUE,;TRUE,;14/05/2026, 17:48:01;16/05/2026, 20:05:09;13;18;23;46;;;0
"EVT-XSNJT6FD,TRUE,TRUE,""14/05/2026, 17:32:12"",""15/05/2026, 21:09:24""";;EVT-XSNJT6FD;TRUE,;TRUE,;14/05/2026, 17:32:12;15/05/2026, 21:09:24;13;18;23;46;;;0
"EVT-XYPRTDHB,TRUE,TRUE,""14/05/2026, 17:42:24"",""16/05/2026, 14:08:32""";;EVT-XYPRTDHB;TRUE,;TRUE,;14/05/2026, 17:42:24;16/05/2026, 14:08:32;13;18;23;46;;;0
"EVT-Y2Q1XF5V,TRUE,TRUE,""16/05/2026, 12:17:59"",""16/05/2026, 12:23:01""";;EVT-Y2Q1XF5V;TRUE,;TRUE,;16/05/2026, 12:17:59;16/05/2026, 12:23:01;13;18;23;46;;;0
EVT-Y8IJPN1V,FALSE,FALSE,,;;EVT-Y8IJPN1V;FALSE,;FALSE,;;#VALOR!;13;19;25;#VALOR!;;#VALOR!;1
"EVT-YB11IY0T,TRUE,TRUE,""17/05/2026, 12:57:47"",""17/05/2026, 12:59:08""";;EVT-YB11IY0T;TRUE,;TRUE,;17/05/2026, 12:57:47;17/05/2026, 12:59:08;13;18;23;46;;;0
EVT-YDCA6MQY,FALSE,FALSE,,;;EVT-YDCA6MQY;FALSE,;FALSE,;;#VALOR!;13;19;25;#VALOR!;;#VALOR!;1
"EVT-YIGFJHCO,TRUE,FALSE,""14/05/2026, 17:50:28"",";;EVT-YIGFJHCO;TRUE,;FALSE,;14/05/2026, 17:50:28;;13;18;24;47;;EVT-YIGFJHCO;0
"EVT-YIQ3O1CC,TRUE,TRUE,""15/05/2026, 15:01:07"",""15/05/2026, 15:01:44""";;EVT-YIQ3O1CC;TRUE,;TRUE,;15/05/2026, 15:01:07;15/05/2026, 15:01:44;13;18;23;46;;;0
"EVT-YJ7WBNHI,TRUE,TRUE,""14/05/2026, 11:53:07"",""15/05/2026, 12:30:27""";;EVT-YJ7WBNHI;TRUE,;TRUE,;14/05/2026, 11:53:07;15/05/2026, 12:30:27;13;18;23;46;;;0
"EVT-YJY451UB,TRUE,TRUE,""14/05/2026, 17:28:48"",""17/05/2026, 12:01:14""";;EVT-YJY451UB;TRUE,;TRUE,;14/05/2026, 17:28:48;17/05/2026, 12:01:14;13;18;23;46;;;0
EVT-YKB8V0MY,FALSE,FALSE,,;;EVT-YKB8V0MY;FALSE,;FALSE,;;#VALOR!;13;19;25;#VALOR!;;#VALOR!;1
EVT-YODSDY0B,FALSE,FALSE,,;;EVT-YODSDY0B;FALSE,;FALSE,;;#VALOR!;13;19;25;#VALOR!;;#VALOR!;1
"EVT-YTF1G7LB,TRUE,TRUE,""14/05/2026, 17:51:59"",""16/05/2026, 13:45:59""";;EVT-YTF1G7LB;TRUE,;TRUE,;14/05/2026, 17:51:59;16/05/2026, 13:45:59;13;18;23;46;;;0
"EVT-YW910P8W,TRUE,TRUE,""15/05/2026, 14:15:13"",""15/05/2026, 14:16:25""";;EVT-YW910P8W;TRUE,;TRUE,;15/05/2026, 14:15:13;15/05/2026, 14:16:25;13;18;23;46;;;0
EVT-YWL8NAG5,FALSE,FALSE,,;;EVT-YWL8NAG5;FALSE,;FALSE,;;#VALOR!;13;19;25;#VALOR!;;#VALOR!;1
"EVT-YXPYM8S2,TRUE,TRUE,""17/05/2026, 13:43:05"",""17/05/2026, 13:43:37""";;EVT-YXPYM8S2;TRUE,;TRUE,;17/05/2026, 13:43:05;17/05/2026, 13:43:37;13;18;23;46;;;0
EVT-YXZEZG81,FALSE,FALSE,,;;EVT-YXZEZG81;FALSE,;FALSE,;;#VALOR!;13;19;25;#VALOR!;;#VALOR!;1
EVT-Z0ATDIJA,FALSE,FALSE,,;;EVT-Z0ATDIJA;FALSE,;FALSE,;;#VALOR!;13;19;25;#VALOR!;;#VALOR!;1
EVT-Z0VXMVTC,FALSE,FALSE,,;;EVT-Z0VXMVTC;FALSE,;FALSE,;;#VALOR!;13;19;25;#VALOR!;;#VALOR!;1
"EVT-Z1YO0ZKV,TRUE,TRUE,""14/05/2026, 17:47:57"",""16/05/2026, 20:04:29""";;EVT-Z1YO0ZKV;TRUE,;TRUE,;14/05/2026, 17:47:57;16/05/2026, 20:04:29;13;18;23;46;;;0
"EVT-Z29XCNG9,TRUE,FALSE,""14/05/2026, 17:42:21"",";;EVT-Z29XCNG9;TRUE,;FALSE,;14/05/2026, 17:42:21;;13;18;24;47;;EVT-Z29XCNG9;0
"EVT-Z41WCBLB,TRUE,TRUE,""16/05/2026, 12:17:55"",""17/05/2026, 12:35:36""";;EVT-Z41WCBLB;TRUE,;TRUE,;16/05/2026, 12:17:55;17/05/2026, 12:35:36;13;18;23;46;;;0
"EVT-Z5DAS9ZF,TRUE,TRUE,""14/05/2026, 17:32:08"",""15/05/2026, 21:09:39""";;EVT-Z5DAS9ZF;TRUE,;TRUE,;14/05/2026, 17:32:08;15/05/2026, 21:09:39;13;18;23;46;;;0
EVT-Z725RTQJ,FALSE,FALSE,,;;EVT-Z725RTQJ;FALSE,;FALSE,;;#VALOR!;13;19;25;#VALOR!;;#VALOR!;1
EVT-ZBDFZ60V,FALSE,FALSE,,;;EVT-ZBDFZ60V;FALSE,;FALSE,;;#VALOR!;13;19;25;#VALOR!;;#VALOR!;1
EVT-ZCFPI120,FALSE,FALSE,,;;EVT-ZCFPI120;FALSE,;FALSE,;;#VALOR!;13;19;25;#VALOR!;;#VALOR!;1
"EVT-ZFS6G2F7,TRUE,FALSE,""16/05/2026, 12:10:53"",";;EVT-ZFS6G2F7;TRUE,;FALSE,;16/05/2026, 12:10:53;;13;18;24;47;;EVT-ZFS6G2F7;0
"EVT-ZHBPE15O,TRUE,TRUE,""15/05/2026, 11:52:38"",""15/05/2026, 14:59:27""";;EVT-ZHBPE15O;TRUE,;TRUE,;15/05/2026, 11:52:38;15/05/2026, 14:59:27;13;18;23;46;;;0
"EVT-ZKSAJLDV,TRUE,TRUE,""14/05/2026, 11:53:01"",""15/05/2026, 12:30:06""";;EVT-ZKSAJLDV;TRUE,;TRUE,;14/05/2026, 11:53:01;15/05/2026, 12:30:06;13;18;23;46;;;0
"EVT-ZODP966A,TRUE,FALSE,""14/05/2026, 17:28:44"",";;EVT-ZODP966A;TRUE,;FALSE,;14/05/2026, 17:28:44;;13;18;24;47;;EVT-ZODP966A;0
"EVT-ZX2HX0S1,TRUE,TRUE,""14/05/2026, 17:51:55"",""16/05/2026, 13:31:31""";;EVT-ZX2HX0S1;TRUE,;TRUE,;14/05/2026, 17:51:55;16/05/2026, 13:31:31;13;18;23;46;;;0
;;;;;;;;;;;;;198
